feature_a,feature_b,pct_sign_consistent,mean_abs_r,r_clinic,r_mimic,r_vitaldb
rsa_max,rsa_slope,1.0,0.025293362662841986,0.00423541603580131,0.04209083165100891,0.029553840301715737
brs_mean,brs_std,1.0,0.8960097417816334,0.9153903874521342,0.8797000254377142,0.8929388124550521
rsa_min,rsa_max,1.0,0.2755619269407796,0.12591070632166423,0.5221706865461657,0.17860438795450867
brs_mean,brs_min,1.0,0.42073687958226186,0.4220072395521786,0.5182223596128532,0.3219810395817538
brs_mean,brs_max,1.0,0.8703828013784275,0.9008607379232138,0.8648077804306646,0.8454798857814045
brs_mean,sdnn_mean,1.0,0.6352149427697694,0.5131811521690501,0.6686323349619819,0.7238313411782765
brs_mean,sdnn_std,1.0,0.6136840095334483,0.5764041653425173,0.6380026654841955,0.6266451977736323
brs_mean,sdnn_min,1.0,0.2302025841043084,0.057096189250106545,0.373038241204681,0.26047332185813765
brs_mean,sdnn_max,1.0,0.6279257496042078,0.5940270003187971,0.6736787962081723,0.616071452285654
brs_mean,sdnn_slope,1.0,0.013991407013457422,0.0038628349586345393,0.016801881570349397,0.02130950451138833
std_pa_max,rsa_std,1.0,0.19896271336340465,0.24637854280557267,0.25484819892789146,0.09566139835674986
std_pa_max,rsa_mean,1.0,0.1619807614414612,0.18965498042394024,0.22916666133649147,0.0671206425639519
std_pa_max,std_pa_slope,1.0,0.05184247905652825,-0.023072538312825044,-0.014485891481921535,-0.11796900737483818
std_pa_min,rsa_max,1.0,0.09857696430302072,0.01245504310728365,0.17444607323285466,0.10882977656892388
std_pa_min,rsa_min,1.0,0.19776521519023124,0.06547867788028974,0.2858548969902778,0.2419620707001262
std_pa_min,rsa_std,1.0,0.0589731419956069,0.0026577917073967137,0.1014239740008881,0.0728376602785359
std_pa_min,rsa_mean,1.0,0.10711082291802444,0.036818950403372984,0.16999790989168653,0.11451560845901382
std_pa_min,std_pa_slope,1.0,0.04068903987289582,0.028905691424912724,0.039791452229601044,0.05336997596417369
std_pa_std,rsa_max,1.0,0.19414491609968498,0.2818175138656594,0.2071103493725424,0.09350688506085313
std_pa_std,rsa_std,1.0,0.21298251630127862,0.29981753456026194,0.2418989387892951,0.09723107555427883
std_pa_std,rsa_mean,1.0,0.16598616893930832,0.2461711020882806,0.18568249759586286,0.0661049071337815
std_pa_std,std_pa_slope,1.0,0.05579676801713166,-0.027604468938305413,-0.018769911612498674,-0.12101592350059091
brs_std,brs_max,1.0,0.9629119891052843,0.973278251722272,0.9592992502173351,0.9561584653762458
brs_std,brs_min,1.0,0.21296278195450877,0.22845230459159876,0.25731713071204376,0.15311891055988375
brs_mean,rsa_max,1.0,0.5851367063560285,0.5411551016701184,0.6197457016798512,0.5945093157181163
brs_mean,rsa_std,1.0,0.6217396263720137,0.5607943920849705,0.6569008131102554,0.6475236739208153
brs_mean,rsa_mean,1.0,0.6182387638649106,0.482043628098295,0.6444059800858536,0.728266683410583
brs_mean,std_pa_slope,1.0,0.02932627232176352,-0.04490729790217439,-0.015168937553798398,-0.027902581509317775
brs_mean,std_pa_max,1.0,0.06385868848416082,0.06771963988296933,0.11884791724072306,0.005008508328790075
brs_mean,std_pa_std,1.0,0.06971793427928757,0.10237577867292023,0.10374478924194712,0.0030332349229953708
brs_mean,std_pa_mean,1.0,0.10855887592252435,0.03314251699002997,0.20969515533622252,0.08283895544132057
brs_mean,cv_pa_slope,1.0,0.03635717144618389,-0.05665540066676112,-0.024320940430330045,-0.028095173241460512
brs_mean,cv_pa_max,1.0,0.0921079649872954,0.08340025901279853,0.18323603452619164,0.009687601422896026
brs_std,arv_mean,1.0,0.09628710663838107,0.02773965561558991,0.2533858503451761,0.007735813954377226
brs_std,pnn50_max,1.0,0.5169259746914578,0.4694075332193314,0.49137385298434894,0.5899965378706934
brs_std,pnn50_std,1.0,0.5372847725662601,0.46260583884921963,0.508424936229005,0.6408235426205556
brs_std,pnn50_mean,1.0,0.4759180495247475,0.35615879271136264,0.4184432796211503,0.6531520762417294
brs_std,rmssd_slope,1.0,0.027680394498455756,0.013834652890833918,0.03921370817667696,0.029992822427856385
brs_std,rmssd_max,1.0,0.5878188855693117,0.5701543251879496,0.5510663798152319,0.6422359517047536
brs_std,rmssd_std,1.0,0.6086998129297543,0.555228684775772,0.6002772165757779,0.6705935374377129
brs_std,rmssd_mean,1.0,0.5136758396480681,0.41158116259729116,0.45660999570748995,0.672836360639423
brs_std,sdnn_slope,1.0,0.02032300602224792,0.012313175350398213,0.027862827900842043,0.020793014815503504
brs_std,sdnn_max,1.0,0.583114883174745,0.5638519869103739,0.5656036314825931,0.619889031131268
brs_std,sdnn_std,1.0,0.6034062799654372,0.5569716858073342,0.6123820404588652,0.6408651136301121
brs_std,sdnn_mean,1.0,0.504513354549167,0.39452525289810647,0.48080864450466726,0.6382061662447273
brs_std,rsa_std,1.0,0.5832335025747001,0.5261244840133527,0.5673962369943252,0.6561797867164223
brs_std,rsa_mean,1.0,0.4855835233807622,0.3636647058459872,0.45344009385570816,0.6396457704405912
brs_std,std_pa_slope,1.0,0.03496955335539787,-0.04686445188138911,-0.030904263213302554,-0.027139944971501944
brs_std,std_pa_max,1.0,0.11029103048832634,0.11357953495807106,0.15538608091790496,0.061907475589002975
brs_std,std_pa_std,1.0,0.11525870438963852,0.13814256663356095,0.14753703154895204,0.06009651498640254
brs_std,std_pa_mean,1.0,0.12800101375936893,0.058652987582689345,0.24100032730165577,0.08434972639376165
brs_std,cv_pa_slope,1.0,0.03594059184388781,-0.05715428154832573,-0.025506566041248676,-0.025160927942089007
brs_std,cv_pa_max,1.0,0.1326041446439404,0.12637124890059534,0.20255839392346253,0.06888279110776337
brs_std,cv_pa_std,1.0,0.13422260787382498,0.14797206690719478,0.19281019131130991,0.0618855654029702
brs_std,cv_pa_mean,1.0,0.141355309618713,0.06735744358849002,0.28003913869885644,0.07666934656879255
brs_std,arv_max,1.0,0.14154217634823726,0.10542851240034218,0.28800746537883914,0.03119055126553044
brs_std,arv_std,1.0,0.16244308216376926,0.12683542077056503,0.32456098427123947,0.03593284144950334
std_pa_std,std_pa_max,1.0,0.8936220664931046,0.8553870651908745,0.8842155243697511,0.9412636099186882
std_pa_std,std_pa_min,1.0,0.2522080433010842,-0.274523881743494,-0.19934988790651373,-0.2827503602532448
std_pa_mean,rsa_max,1.0,0.24883870155013196,0.17520228020382872,0.3681260312699456,0.20318779317662153
std_pa_mean,rsa_min,1.0,0.13069285070639095,0.013027401831280469,0.2939441016789942,0.0851070486088982
std_pa_mean,rsa_std,1.0,0.23444293013809223,0.17151637739810144,0.350073827218099,0.1817385857980762
std_pa_mean,rsa_mean,1.0,0.23119936584372044,0.15943177293385283,0.33741482027988545,0.19675150431742303
std_pa_mean,std_pa_max,1.0,0.5833097552673261,0.573259315988215,0.5578473705219346,0.6188225792918287
std_pa_mean,std_pa_min,1.0,0.5787576161862735,0.6779754202618313,0.6678473072395744,0.39045012105741483
std_pa_mean,std_pa_std,1.0,0.39747023842952056,0.2899909034607386,0.3321459750340798,0.5702738367937433
cv_pa_slope,rsa_slope,1.0,0.13735665121686277,0.15603515319042832,0.16296888336399434,0.09306591709616566
brs_slope,rmssd_slope,1.0,0.2824390470873371,0.2484076118884026,0.22036936779837832,0.3785401615752304
brs_slope,rmssd_max,1.0,0.034904208674707546,0.03882279445395987,0.042623575986471034,0.023266255583691733
brs_slope,rmssd_std,1.0,0.017569890819953516,0.03627354932719435,0.009324077707442332,0.007112045425223863
brs_slope,sdnn_slope,1.0,0.27848672754224707,0.24576635011128278,0.2303030320378591,0.35939080047759925
brs_slope,sdnn_max,1.0,0.03599684407835452,0.046974133755870624,0.0381349099761579,0.02288148850303504
brs_std,rsa_max,1.0,0.5508880573297449,0.5283274361403064,0.510805106327261,0.6135316295216672
cv_pa_slope,std_pa_slope,1.0,0.9187810593296409,0.9301608175822429,0.9316688918721091,0.8945134685345711
cv_pa_slope,std_pa_max,1.0,0.052696775539618844,-0.02597043698751777,-0.011397161355891075,-0.12072272827544767
cv_pa_slope,std_pa_min,1.0,0.04491207778477097,0.03920843264306242,0.03953261418847457,0.05599518652277594
cv_pa_slope,std_pa_std,1.0,0.06037351921348314,-0.03011890929570614,-0.023178552425278963,-0.12782309591946434
cv_pa_max,rsa_max,1.0,0.22161770629021063,0.27331808845294775,0.2943359057951945,0.09719912462248975
cv_pa_max,rsa_std,1.0,0.2205910219859818,0.27114709355914335,0.3025777833057062,0.08804818909309582
cv_pa_max,rsa_mean,1.0,0.17929710028575133,0.20519213626951258,0.27240187638608615,0.06029728820165529
cv_pa_max,std_pa_slope,1.0,0.05556865230789443,-0.022987112998448498,-0.02263782168176846,-0.12108102224346633
cv_pa_max,std_pa_max,1.0,0.9634313745698918,0.9618540243237714,0.9708362590999957,0.9576038402859081
cv_pa_max,std_pa_std,1.0,0.8670021966622459,0.8361140127459241,0.8594877384707382,0.9054048387700753
cv_pa_max,std_pa_mean,1.0,0.567918135288501,0.5465622182513266,0.5718343033534162,0.5853578842607603
cv_pa_max,cv_pa_slope,1.0,0.05545884958911351,-0.024738765146621308,-0.017749156189262476,-0.12388862743145676
brs_slope,cv_pa_mean,1.0,0.006700027243519577,0.014401665668288231,0.0005068619439672279,0.005191554118303269
brs_slope,pnn50_slope,1.0,0.24113609185365292,0.19595276681107657,0.19033973348613722,0.33711577526374503
brs_slope,pnn50_max,1.0,0.03590726593813792,0.03619738820223948,0.06233761618012966,0.009186793432044616
cv_pa_min,rsa_max,1.0,0.10827224014288593,0.017203603385376732,0.2065767643809393,0.10103635266234173
cv_pa_min,rsa_min,1.0,0.21233946672357118,0.07134048063177448,0.33128210120345947,0.23439581833547957
cv_pa_min,rsa_std,1.0,0.06912355039935537,0.006451480646281759,0.1335251828667476,0.06739398768503674
cv_pa_min,rsa_mean,1.0,0.11281709897395915,0.028018291626684393,0.20440860105283915,0.1060244042423539
cv_pa_min,std_pa_slope,1.0,0.04026561719450696,0.02666243663360562,0.049696941893647,0.044437473056268266
cv_pa_min,std_pa_min,1.0,0.9490766215939251,0.9722309918245363,0.9636710435829052,0.9113278293743339
cv_pa_min,std_pa_std,1.0,0.27861980726399965,-0.320711938814684,-0.22466910945807161,-0.2904783735192432
cv_pa_min,std_pa_mean,1.0,0.5250468617219921,0.6216603024236783,0.6272846250532976,0.32619565768900033
cv_pa_min,cv_pa_slope,1.0,0.045336541985014654,0.03710001677525316,0.04876721733374955,0.05014239184604123
cv_pa_std,rsa_max,1.0,0.20449702565042346,0.2953141414025035,0.24737719845123138,0.07079973709753552
cv_pa_std,rsa_std,1.0,0.22831509595305632,0.31332676151116284,0.2911291453941735,0.08048938095383264
brs_min,rmssd_std,1.0,0.18654866007608942,0.17979171438639713,0.2872665310717187,0.09258773477015242
brs_min,rmssd_mean,1.0,0.3663038068307511,0.3842134468911886,0.506727018107389,0.2079709554936758
brs_min,sdnn_max,1.0,0.23349788106752623,0.21935226834943322,0.3958775356580424,0.08526383919510305
brs_min,sdnn_min,1.0,0.31456761036055153,0.3124384726651316,0.4037076811646593,0.2275566772518637
brs_min,sdnn_std,1.0,0.17486035261766794,0.17218387864222345,0.27651677647360934,0.07588040273717105
brs_min,sdnn_mean,1.0,0.3583078751651439,0.37776011612336996,0.5138316015046852,0.1833319078673766
brs_min,brs_max,1.0,0.22368202354296876,0.2375479860675162,0.28163247249355455,0.1518656120678355
brs_slope,rsa_slope,1.0,0.2553381870514309,0.21815220240828398,0.18611628048969037,0.3617460782563184
brs_slope,rsa_max,1.0,0.03399973571790211,0.04259100722058659,0.03660296050385169,0.022805239429268036
brs_slope,rsa_std,1.0,0.023530840529895763,0.050760042339572035,0.014269920087175866,0.005562559162939388
brs_min,cv_pa_min,1.0,0.05601838352227397,0.023989700824582016,0.02817072485836762,0.11589472488387229
brs_min,cv_pa_std,1.0,0.2717304295447594,-0.23058944886164778,-0.13998409827840833,-0.4446177414942221
brs_min,cv_pa_mean,1.0,0.13885071479765299,-0.12743500073815486,-0.04393945074162463,-0.24517769291317948
brs_min,arv_slope,1.0,0.053479450912773285,-0.03550983491954176,-0.10621281440522937,-0.018715703413548723
brs_min,arv_max,1.0,0.2482552948066242,-0.23148949734995575,-0.12875174191705363,-0.3845246451528633
brs_min,arv_std,1.0,0.23096126612380538,-0.25557922291709473,-0.12016093927490464,-0.31714363617941677
brs_min,arv_mean,1.0,0.07851763117651582,-0.10743188986064892,-0.047511763253990334,-0.08060924041490819
brs_min,pnn50_max,1.0,0.2792714198878569,0.29524509466600346,0.43436993322108025,0.10819923177648709
brs_min,pnn50_min,1.0,0.3891932520209423,0.38536984259322715,0.514002731296254,0.26820718217334577
brs_min,pnn50_std,1.0,0.20514996591958923,0.2844911995573561,0.21555291511725747,0.11540578308415421
brs_min,pnn50_mean,1.0,0.3553296876361769,0.3672261509005196,0.48696578488266246,0.21179712712534873
brs_min,rmssd_max,1.0,0.24064396020895354,0.21862845673986542,0.4079219993476031,0.0953814245393921
brs_min,rmssd_min,1.0,0.34203252817660684,0.3463245155957806,0.4137287700043402,0.2660442989296999
cv_pa_std,rsa_mean,1.0,0.17696109284094375,0.25325292264278126,0.22923581293758277,0.048394542942467186
cv_pa_std,std_pa_slope,1.0,0.062260738430797595,-0.026637522190207843,-0.021295788452237927,-0.138848904649947
cv_pa_std,std_pa_max,1.0,0.866445123464744,0.8278581904419731,0.8615287367452144,0.9099484432070448
cv_pa_std,std_pa_min,1.0,0.2703350183306146,-0.28273081415956813,-0.19844757211158973,-0.32982666872068583
cv_pa_std,std_pa_std,1.0,0.9738874399246585,0.9774824530777407,0.9756407101038282,0.9685391565924067
cv_pa_std,std_pa_mean,1.0,0.3848536630330048,0.2843809984352921,0.3520129691362997,0.5181670215274224
cv_pa_std,cv_pa_slope,1.0,0.06275058644202151,-0.026676192817858744,-0.02147486239630803,-0.1401007041118978
cv_pa_std,cv_pa_max,1.0,0.884878156678762,0.855014000651277,0.8799151797399475,0.9197052896450615
cv_pa_std,cv_pa_min,1.0,0.2740927767033318,-0.3042461956522073,-0.19709984108742878,-0.3209322933703593
cv_pa_mean,rsa_max,1.0,0.259491546148877,0.19051381815908006,0.40518129217287463,0.18277952811467635
cv_pa_mean,rsa_min,1.0,0.15752752548278473,0.027402449150773774,0.35111592729162056,0.09406420000595987
cv_pa_mean,rsa_std,1.0,0.24600098915292098,0.1877590714432674,0.39129103465356674,0.1589528613619288
cv_pa_mean,rsa_mean,1.0,0.24028757271786882,0.16627027736748165,0.38187129733329805,0.17272114345282674
cv_pa_mean,std_pa_max,1.0,0.491325255503412,0.5048208836450142,0.49534643816149126,0.47380844470373057
brs_max,sdnn_max,1.0,0.590537284478399,0.5641218180121372,0.5908478818010492,0.6166421536220109
brs_max,sdnn_std,1.0,0.5990243470096299,0.552518380845265,0.6041814750050599,0.6403731851785648
brs_max,sdnn_mean,1.0,0.5176173457257888,0.39979784758998416,0.5226353957606996,0.6304187938266825
brs_min,rsa_slope,1.0,0.014989386952754596,-0.005047539648650464,-0.019920001631253372,-0.020000619578359954
brs_min,rsa_max,1.0,0.20819252314993744,0.1919999988418287,0.3537775363463683,0.07880003426161533
brs_min,rsa_min,1.0,0.37264152685847624,0.3708280235492512,0.4486763306096119,0.2984202264165657
brs_min,rsa_std,1.0,0.2274864860018514,0.22765062847457326,0.34930530911185015,0.10550352041913084
brs_min,rsa_mean,1.0,0.36596870642187285,0.38845296268419305,0.5015273694751392,0.20792578710628626
brs_min,std_pa_max,1.0,0.31008314984258906,-0.26910828790169433,-0.19844365108924727,-0.46269751053682545
brs_min,std_pa_std,1.0,0.29546738376803877,-0.24669630908660425,-0.1784168765800796,-0.4612889656374324
brs_min,std_pa_mean,1.0,0.20237138142963995,-0.1563181632487176,-0.11494191958394707,-0.3358540614562551
brs_min,cv_pa_max,1.0,0.28436003034049867,-0.250423768604204,-0.1545599755669748,-0.44809634685031724
brs_max,arv_max,1.0,0.1408516169103402,0.09780184583130445,0.29673096516764924,0.028022039732066916
brs_max,arv_std,1.0,0.16392553895680786,0.11955394369957689,0.3239385029821753,0.04828417018867142
brs_max,pnn50_slope,1.0,0.009789344223892845,0.012572600844083764,0.014978558414454545,0.0018168734131402315
brs_max,pnn50_max,1.0,0.5228109520986824,0.4671646702474976,0.526301234428275,0.5749669516202747
brs_max,pnn50_min,1.0,0.11442076165704505,0.008708947211782765,0.2013744701511613,0.1331788676081911
brs_max,pnn50_std,1.0,0.5324372813216298,0.4542068047390057,0.5210820618236772,0.6220229774022066
brs_max,pnn50_mean,1.0,0.48491181370215647,0.3610120524593419,0.460831011009224,0.6328923776379034
brs_max,rmssd_slope,1.0,0.02668252190526381,0.01455559933351562,0.03737929483124675,0.028112671551029055
brs_max,rmssd_max,1.0,0.5942375378253004,0.5712003660760261,0.5752902678346004,0.6362219795652749
brs_max,rmssd_min,1.0,0.12108969153963291,0.009089514603228502,0.23659104551562835,0.11758851450004189
brs_max,rmssd_std,1.0,0.6039119073504645,0.5524232240044266,0.5930057127987205,0.6663067852482466
brs_max,rmssd_mean,1.0,0.5230786325494047,0.41551282608247664,0.498076310566717,0.6556467609990205
brs_max,sdnn_slope,1.0,0.020960311550439564,0.013168274071955543,0.02988698452583087,0.01982567605353228
sdnn_mean,sdnn_std,1.0,0.8007721170203524,0.7822945906672816,0.7442419432158427,0.875779817177933
brs_max,rsa_slope,1.0,0.010749192703550766,0.005253450765371023,0.016746495098667692,0.010247632246613583
brs_max,rsa_max,1.0,0.5647550808619152,0.5372364664472927,0.5441867491979812,0.6128420269404716
brs_max,rsa_std,1.0,0.5907900877458087,0.5316470578437742,0.5846047107073846,0.6561184946862673
brs_max,rsa_mean,1.0,0.5029935771367239,0.37433989028984566,0.5024778341389569,0.6321630069813694
brs_max,std_pa_slope,1.0,0.028326659825466144,-0.03828719885276038,-0.020338803986655114,-0.026353976636982933
brs_max,std_pa_max,1.0,0.1179708363283037,0.11280688873691057,0.1739921195441363,0.06711350070386427
brs_max,std_pa_std,1.0,0.12137860287007562,0.1362139116470025,0.16091164423185012,0.06701025273137429
brs_max,std_pa_mean,1.0,0.12326951380152727,0.06354994393987949,0.24273959806268747,0.06351899940201483
brs_max,cv_pa_slope,1.0,0.02907196872307702,-0.04669318675225228,-0.014211087985506946,-0.026311631431471832
brs_max,cv_pa_max,1.0,0.13906697318112268,0.12586458303252362,0.22030019288114622,0.0710361436296982
brs_max,cv_pa_std,1.0,0.1407050414452483,0.1465909081438551,0.20649615846449945,0.06902805772739043
brs_max,cv_pa_mean,1.0,0.1348826097140922,0.07319762520812996,0.28402628353228354,0.047423920401863044
sdnn_mean,arv_std,1.0,0.20274789498236656,0.22421711471310715,0.2892907927319942,0.09473577750199833
sdnn_mean,arv_mean,1.0,0.13655404916602157,0.02895031597004083,0.3132145619885449,0.067497269539479
sdnn_mean,pnn50_max,1.0,0.8395187271290898,0.8472482547973046,0.8901908305542694,0.7811170960356956
sdnn_mean,pnn50_min,1.0,0.46396462030092755,0.4540015164320489,0.6494981664305131,0.2883941780402208
sdnn_mean,pnn50_std,1.0,0.8212743586627299,0.8642205259215711,0.7387053940415398,0.8608971560250784
sdnn_mean,pnn50_mean,1.0,0.9170442423482313,0.905205009692255,0.9392352623633224,0.9066924549891164
sdnn_mean,rmssd_slope,1.0,0.02567850231163751,0.02047454465854304,0.02562118972161664,0.03093977255475284
sdnn_mean,rmssd_max,1.0,0.8056197021680473,0.7609710682017521,0.854011545567025,0.8018764927353648
sdnn_mean,rmssd_min,1.0,0.5516393754265455,0.5316680799162432,0.7142590398239897,0.4089910065394037
sdnn_mean,rmssd_std,1.0,0.7926188214488765,0.7530064141457427,0.7528603061443507,0.871989744056536
sdnn_mean,rmssd_mean,1.0,0.9706657122808627,0.965587292553467,0.9781357330896834,0.9682741111994381
sdnn_mean,sdnn_max,1.0,0.8190056805901232,0.7976531009230423,0.850000876725947,0.8093630641213806
sdnn_mean,sdnn_min,1.0,0.5417658656110843,0.5117050002088873,0.7027705083136297,0.4108220883107356
sdnn_mean,rsa_max,1.0,0.7757962314473658,0.7392723868483069,0.7992543021668045,0.7888620053269859
sdnn_mean,rsa_min,1.0,0.5044895107166303,0.46168564762305025,0.698335918558194,0.3534469659686465
sdnn_mean,rsa_std,1.0,0.8499858421149921,0.8192548274390757,0.8423526439507134,0.8883500549551872
sdnn_mean,rsa_mean,1.0,0.9761184811506265,0.9739497669087392,0.9769377676171267,0.9774679089260135
sdnn_mean,std_pa_slope,1.0,0.028950573815706194,-0.027466592129607618,-0.018950216670935584,-0.04043491264657539
sdnn_mean,std_pa_max,1.0,0.18554206510972557,0.2199743621559823,0.24354746982804285,0.09310436334515157
sdnn_mean,std_pa_min,1.0,0.10141452739980783,0.04381147190220143,0.15999520777249998,0.10043690252472208
sdnn_mean,std_pa_std,1.0,0.19568552710481937,0.28082887513114224,0.20965804965053333,0.09656965653278259
sdnn_mean,std_pa_mean,1.0,0.2548912723080086,0.1926377745930487,0.34443631134942115,0.2275997309815561
sdnn_mean,cv_pa_slope,1.0,0.027972561858671325,-0.03865003401065447,-0.010790562902447265,-0.03447708866291224
sdnn_mean,cv_pa_max,1.0,0.20223931639656448,0.23671178573926507,0.2839605797562697,0.08604558369415877
sdnn_mean,cv_pa_min,1.0,0.10532431835326043,0.035492071618636545,0.19243744551020026,0.08804343793094446
sdnn_mean,cv_pa_std,1.0,0.20558099103095875,0.28748418245551977,0.24927487427124198,0.0799839163661146
sdnn_mean,cv_pa_mean,1.0,0.2597532098494257,0.19930995981990643,0.384521374867285,0.19542829486108568
sdnn_mean,arv_max,1.0,0.15545385308167303,0.07964638151211381,0.3051915711335596,0.08152360659934565
cv_pa_mean,std_pa_min,1.0,0.594499937824378,0.6711454175395577,0.6572255495387817,0.45512884639479484
cv_pa_mean,std_pa_std,1.0,0.3056641255070594,0.23377745010022252,0.2759464451976697,0.40726848122328607
cv_pa_mean,std_pa_mean,1.0,0.9411819123276639,0.9584892289061517,0.9663928474950567,0.8986636605817832
cv_pa_mean,cv_pa_max,1.0,0.5357687710214917,0.5414643134245246,0.5543988914394543,0.511443108200496
cv_pa_mean,cv_pa_min,1.0,0.6000194553127065,0.6620419446194452,0.6638580526913596,0.4741583686273147
cv_pa_mean,cv_pa_std,1.0,0.33494925892042854,0.2713371177008928,0.333572096903322,0.3999385621570708
arv_slope,rsa_slope,1.0,0.12440181955770435,0.12868574907261748,0.14533836809797226,0.09918134150252335
arv_slope,std_pa_slope,1.0,0.6303040875598803,0.7537571686774752,0.7222984188851382,0.4148566751170277
sdnn_std,arv_std,1.0,0.26704905892320546,0.28162338635816825,0.41707324450836414,0.10245054590308399
sdnn_std,arv_mean,1.0,0.1512241385107127,0.05528126174738056,0.3288390650543604,0.06955208873039717
sdnn_std,pnn50_max,1.0,0.7668878799021009,0.8043138911007658,0.7254348028727593,0.7709149457327779
sdnn_std,pnn50_min,1.0,0.14330820005298603,0.14052653017913413,0.21158822196729474,0.07780984801252921
sdnn_std,pnn50_std,1.0,0.810369254717898,0.8129336296888826,0.7674643652204455,0.8507097692443659
sdnn_std,pnn50_mean,1.0,0.6945464258115089,0.6962814996227537,0.6107351779522588,0.7766225998595141
sdnn_std,rmssd_max,1.0,0.9026647038746335,0.9288134652403857,0.8835531131656817,0.8956275332178334
sdnn_std,rmssd_min,1.0,0.21208645256187456,0.13715793952911992,0.3062385738628604,0.19286284429364337
sdnn_std,rmssd_std,1.0,0.9685495515702631,0.9566378099409689,0.9730779758277989,0.9759328689420216
sdnn_std,rmssd_mean,1.0,0.7809882802470799,0.780592505816306,0.7100806676542956,0.8522916672706382
sdnn_std,sdnn_max,1.0,0.9331399302402198,0.965132162427375,0.9112909363811569,0.9229966919121276
sdnn_std,sdnn_min,1.0,0.19237793297198913,0.10097056347245825,0.2948702694537414,0.1812929659897677
sdnn_std,rsa_min,1.0,0.175907023985565,0.05574779291926957,0.3211262333811288,0.15084704565629659
sdnn_std,rsa_std,1.0,0.9367735114631799,0.9344098110186694,0.9224247732695806,0.95348595010129
sdnn_std,rsa_mean,1.0,0.7668395542016916,0.7299323276086565,0.7211079667566392,0.8494783682397791
sdnn_std,std_pa_slope,1.0,0.0347911912829908,-0.05173294915252184,-0.010134120562913414,-0.042506504133537126
sdnn_std,std_pa_max,1.0,0.20908729199686046,0.26861423053491057,0.2512646265330558,0.10738301892261494
sdnn_std,std_pa_std,1.0,0.2373408859705922,0.3393114224110089,0.2588656452948396,0.11384559020592813
sdnn_std,std_pa_mean,1.0,0.24598450129753335,0.19086888921524534,0.34463642569664077,0.20244818898071393
sdnn_std,cv_pa_max,1.0,0.23149578919565347,0.29558494716344963,0.29953510345766765,0.09936731696584315
sdnn_std,cv_pa_std,1.0,0.2532380614141119,0.3541932137533794,0.30822305185201154,0.09729791863694484
sdnn_std,cv_pa_mean,1.0,0.25547088161097026,0.20712857038940152,0.3837097057249343,0.175574368718575
sdnn_std,arv_max,1.0,0.2019661349819334,0.13926652585992255,0.376768325149917,0.0898635539359606
arv_slope,std_pa_mean,1.0,0.014713991028253715,0.010509682041858962,0.011517852580686378,0.022114438462215807
arv_slope,cv_pa_slope,1.0,0.6160413390856017,0.7613213186897446,0.7321445878772335,0.35465811068982706
arv_max,rsa_max,1.0,0.19272973404339352,0.14469700095709884,0.34457989369980035,0.08891230747328134
arv_max,rsa_std,1.0,0.18115952621813405,0.12116630069607318,0.3529058514352127,0.06940642652311636
arv_max,rsa_mean,1.0,0.1351819097038428,0.05929137967508518,0.29321171537736873,0.053042634059074514
arv_max,std_pa_slope,1.0,0.050767860795107776,-0.02086594189115227,-0.06508806508740661,-0.06634957540676446
arv_max,std_pa_max,1.0,0.7536234470348045,0.7869305980323056,0.8144032432395067,0.6595364998326015
arv_max,std_pa_min,1.0,0.2551370241093693,0.3376541868122005,0.2940983619011399,0.1336585236147674
arv_max,std_pa_std,1.0,0.6062319126746923,0.5570464513686793,0.6577982464926792,0.6038510401627187
arv_max,std_pa_mean,1.0,0.723788251120463,0.7462858684881067,0.7080435036070707,0.7170353812662115
sdnn_min,arv_mean,1.0,0.13732929916878253,0.0020847332703556186,0.2988805589627446,0.11102260527324731
sdnn_min,pnn50_max,1.0,0.351483497270559,0.28034265028360594,0.5798387337564821,0.19426910777158898
sdnn_min,pnn50_min,1.0,0.536724178708135,0.5341299053058998,0.7495986627260325,0.3264439680924732
sdnn_min,pnn50_std,1.0,0.28113437188536267,0.28179162169630423,0.36479967681544134,0.19681181714434237
sdnn_min,pnn50_mean,1.0,0.5110036124819948,0.4906578196895386,0.7290167980707679,0.31333621968567793
sdnn_min,rmssd_max,1.0,0.2631393051881026,0.1252188785286483,0.48242762528819205,0.18177141174746733
sdnn_min,rmssd_min,1.0,0.9554733001326006,0.966172247165665,0.9721516252006541,0.9280960280314826
sdnn_min,rmssd_std,1.0,0.16899754135972514,0.07225414778272025,0.28004375235865697,0.15469472393779823
sdnn_min,rmssd_mean,1.0,0.5013020230535249,0.4675655411346839,0.6740369779008175,0.3623035501250732
sdnn_min,sdnn_max,1.0,0.29264745695175814,0.16641872575841957,0.5000154783111509,0.211508166785704
sdnn_std,rsa_max,1.0,0.8653579090930418,0.8871880900103374,0.824892797995056,0.883992839273732
sdnn_min,rsa_min,1.0,0.7881721228963589,0.8022877337420746,0.8651915571340124,0.6970370778129897
sdnn_min,rsa_std,1.0,0.3039296594306485,0.21372028474279564,0.4823664793483675,0.21570221420078228
sdnn_min,rsa_mean,1.0,0.5779137736392692,0.5602265728486182,0.7376909375845043,0.43582381048468527
sdnn_min,std_pa_min,1.0,0.19377172892583305,0.07258995127549811,0.26781887845206753,0.24090635704993354
sdnn_min,std_pa_mean,1.0,0.16354486953847522,0.05853080973452847,0.2993138030725994,0.13278999580829778
sdnn_min,cv_pa_min,1.0,0.19501620399564346,0.06278144998228398,0.3068511792079386,0.2154159827967078
sdnn_min,cv_pa_mean,1.0,0.17781472583662714,0.0606496118553696,0.35168043438539454,0.12111413126911726
sdnn_min,arv_min,1.0,0.16168031051506418,0.03966256851765921,0.2508668504861529,0.19451151254138044
arv_max,cv_pa_slope,1.0,0.05774384549959024,-0.02001198995432646,-0.06663930256662325,-0.08658024397782099
arv_max,cv_pa_max,1.0,0.7503412367249512,0.7606450653819787,0.8428786658939572,0.6474999788989177
arv_max,cv_pa_min,1.0,0.2245530164545804,0.2827146111143013,0.2922707895108312,0.0986736487386087
arv_max,cv_pa_std,1.0,0.5984472432608267,0.5433976662335923,0.6825024860316542,0.5694415775172335
arv_max,cv_pa_mean,1.0,0.6770552339269336,0.6874998437823686,0.6961330259783948,0.6475328320200373
arv_min,rsa_min,1.0,0.1705921506701014,0.028387156437250625,0.2649622159397756,0.21842707963327793
arv_min,std_pa_slope,1.0,0.05335782438614411,0.02741902884273289,0.04476178409312715,0.08789266022257228
arv_min,std_pa_min,1.0,0.9011111594745631,0.9157480308092247,0.9415018170590742,0.8460836305553904
arv_min,std_pa_std,1.0,0.307331323427404,-0.30971515291720236,-0.20191827550524258,-0.41036054185976695
arv_min,std_pa_mean,1.0,0.4649078457066747,0.5981502385251252,0.6197693140628862,0.1768039845320129
sdnn_max,arv_std,1.0,0.2501945052253642,0.27235126926626296,0.38205562533871884,0.09617662107111083
sdnn_max,arv_mean,1.0,0.17329517626855048,0.06742066254540498,0.3527131414557951,0.09975172480445137
sdnn_max,pnn50_max,1.0,0.8323815241182527,0.84146250829566,0.8419841476497355,0.8136979164093628
sdnn_max,pnn50_min,1.0,0.29427439934996963,0.24875935048523817,0.4598904506298891,0.17417339693478165
sdnn_max,pnn50_std,1.0,0.758880724014768,0.8040288303313884,0.706823912146607,0.7657894295663086
sdnn_max,pnn50_mean,1.0,0.7282019941488181,0.7240130002302263,0.7477193771700351,0.7128736050461927
sdnn_max,rmssd_slope,1.0,0.03647087010086624,0.004110872606737776,0.042535957554449826,0.06276578014141113
sdnn_max,rmssd_max,1.0,0.9656838324244568,0.9639119832586364,0.9708731811549925,0.9622663328597416
sdnn_max,rmssd_min,1.0,0.31293009846005426,0.20128373985358775,0.511478722327046,0.22602783319952896
sdnn_max,rmssd_std,1.0,0.9074185519252799,0.9370916688198512,0.8829103431807503,0.902253643775238
sdnn_max,rmssd_mean,1.0,0.7995042524269241,0.7993501375027543,0.8160169713872566,0.7831456483907616
sdnn_max,sdnn_slope,1.0,0.024342656737967053,0.005103395037347203,0.018889585512915752,0.0490349896636382
sdnn_min,rsa_slope,1.0,0.015450289321357622,0.014695061267781155,0.02526167002821949,0.006394136668072228
sdnn_min,rsa_max,1.0,0.3324106307582098,0.2255424781962062,0.5493005934979887,0.2223888205804346
sdnn_max,rsa_max,1.0,0.9046583263415083,0.9150529380650397,0.9105815929680442,0.888340447991441
sdnn_max,rsa_min,1.0,0.2615927870465163,0.10482670838928784,0.5031279042860733,0.17682374846418764
sdnn_max,rsa_std,1.0,0.9041555072965286,0.9281218509425316,0.9178430326434641,0.8665016383035902
sdnn_max,rsa_mean,1.0,0.7858549908794711,0.7511140666268662,0.8296487472215162,0.776802158790031
sdnn_max,std_pa_slope,1.0,0.025241813385452724,-0.05310685176468517,-0.0032662207454408733,-0.019352367646232115
sdnn_max,std_pa_max,1.0,0.22435044030562715,0.2784650629731428,0.279736158612409,0.11485009933132966
sdnn_max,std_pa_min,1.0,0.09566849983281867,0.021763786854567844,0.15247508749686983,0.11276662514701832
sdnn_max,std_pa_std,1.0,0.23014013022779833,0.3262826895567684,0.25380405701131936,0.11033364411530716
sdnn_max,std_pa_mean,1.0,0.27497955552318015,0.20807080210680595,0.38437286184066977,0.23249500262206482
sdnn_max,cv_pa_max,1.0,0.24518619012553433,0.3042343645143545,0.32370639506275267,0.10761781079949581
sdnn_max,cv_pa_min,1.0,0.10254491951530387,0.026731793626555738,0.18320842731086648,0.09769453760848937
sdnn_max,cv_pa_std,1.0,0.24285932754121672,0.34099623762138315,0.2970805325875227,0.0905012124147443
sdnn_max,cv_pa_mean,1.0,0.2834398927035891,0.22434150322682403,0.41836448571119866,0.20761368917274475
sdnn_max,arv_max,1.0,0.21479761158644006,0.15768839552007444,0.37821025740461217,0.10849418183463358
sdnn_slope,arv_slope,1.0,0.1426296087365645,0.1333749655174685,0.15655657605451295,0.13795728463771204
sdnn_slope,arv_mean,1.0,0.018390876671999696,0.009589875048789909,0.03858482400405716,0.006997930963152017
sdnn_slope,pnn50_slope,1.0,0.6837473317788682,0.60492770991985,0.6662700649757967,0.7800442204409578
sdnn_slope,pnn50_max,1.0,0.04046561753407432,0.007362283252480837,0.03297589420700051,0.08105867514274162
sdnn_slope,rmssd_slope,1.0,0.9115512908171229,0.8645470930649534,0.9270732483334313,0.9430335310529842
sdnn_slope,rmssd_max,1.0,0.025841938858840712,0.00717573598654917,0.015047926489051325,0.05530215410092163
sdnn_slope,rmssd_std,1.0,0.014626364945590479,0.004203880666241931,0.01723458027292382,0.022440633897605693
arv_min,cv_pa_slope,1.0,0.05680565450331335,0.039972877981370794,0.04326382658772235,0.08718025894084691
arv_min,cv_pa_min,1.0,0.8837667394336477,0.8925122959444727,0.9170921552324888,0.8416957671239819
arv_min,cv_pa_std,1.0,0.31874930246440975,-0.3185494214713613,-0.19556785927164283,-0.44213062665022523
arv_min,cv_pa_mean,1.0,0.49433000587242476,0.5917540602181697,0.6168505109072225,0.2743854464918822
arv_min,arv_max,1.0,0.21063783032071084,0.3234263160569876,0.28374026822890697,0.024746906676238047
arv_std,rsa_max,1.0,0.2089485560505733,0.2248582828242776,0.3361491920131585,0.06583819331428384
arv_std,rsa_std,1.0,0.22669894521507686,0.23171862609883892,0.37441293291823224,0.07396527662815947
arv_std,rsa_mean,1.0,0.16855686434084458,0.18641835787237213,0.2619359128014765,0.057316322348685105
arv_std,std_pa_slope,1.0,0.051208701884546515,-0.027510535435616486,-0.06504304737040062,-0.06107252284762242
arv_std,std_pa_max,1.0,0.635735288678373,0.7375109571796034,0.6705206494485296,0.4991742594069862
arv_std,std_pa_min,1.0,0.14528775006319308,-0.05690456943647223,-0.03649010701906862,-0.34246857373403844
arv_std,std_pa_std,1.0,0.6995519541037276,0.7924408794427176,0.7149626846068974,0.5912522982615679
rmssd_mean,rmssd_std,1.0,0.8104055974342598,0.8002409018817674,0.749710938273068,0.8812649521479438
sdnn_slope,rsa_slope,1.0,0.8071197815545975,0.7626030101423612,0.7987189160689527,0.8600374184524787
sdnn_slope,std_pa_slope,1.0,0.17672778126559996,0.21210097692568206,0.17758108110987003,0.14050128576124776
sdnn_slope,cv_pa_slope,1.0,0.16587128148651306,0.1920740125140953,0.19180575141117304,0.11373408053427078
sdnn_slope,cv_pa_min,1.0,0.011286211372466902,0.019348758365015827,0.002687948702951167,0.01182192704943371
arv_std,std_pa_mean,1.0,0.48813628260103203,0.5203956127690481,0.5399407837535987,0.4040724512804495
arv_std,cv_pa_slope,1.0,0.06111902820310178,-0.029023017690483287,-0.06795900507710298,-0.08637506184171907
arv_std,cv_pa_max,1.0,0.6387562072060159,0.7319011394416363,0.7003445284770676,0.4840229536993439
arv_std,cv_pa_min,1.0,0.15079391226147926,-0.0995638335923822,-0.009364126025298838,-0.34345377716675674
arv_std,cv_pa_std,1.0,0.703912388751054,0.7915790315533163,0.7521586368173581,0.5679994978824875
arv_std,cv_pa_mean,1.0,0.4449887827986036,0.48120209504384526,0.5457252885980958,0.30803896475386966
arv_std,arv_max,1.0,0.737440776422866,0.7573630872055668,0.7996933222302484,0.6552659198327827
arv_std,arv_min,1.0,0.1970736844793147,-0.10061426078939528,-0.06052936372821371,-0.430077428920335
arv_mean,rsa_max,1.0,0.16292911782232058,0.0523289007175455,0.35176665727368894,0.08469179547572739
arv_mean,rsa_std,1.0,0.13647706996869882,0.03393950747370324,0.3231408547407677,0.05235084769162555
arv_mean,rsa_mean,1.0,0.12746210228521457,0.00549099808458985,0.31169241319869195,0.06520289557236184
arv_mean,std_pa_slope,1.0,0.01608676451454936,0.004777962799093165,0.025025999121566965,0.018456331622987952
arv_mean,std_pa_max,1.0,0.2612874757806338,0.3426619595685911,0.3689456521732429,0.07225481560006755
rmssd_mean,cv_pa_min,1.0,0.10037392416138496,0.02154504824566062,0.1847511766706956,0.09482554756779868
rmssd_mean,cv_pa_std,1.0,0.19126226063353371,0.27452225103923633,0.23861781128287896,0.06064671957848584
rmssd_mean,cv_pa_mean,1.0,0.2367885637692916,0.17547838465905177,0.36734943703711154,0.16753786961171163
rmssd_mean,arv_max,1.0,0.132615691608503,0.05374970262497875,0.28437538440275917,0.05972198779777108
rmssd_mean,arv_std,1.0,0.17940458034961604,0.19657994409822763,0.2740963437527059,0.06753745319791457
rmssd_mean,arv_mean,1.0,0.11701871187036395,0.005184524603822693,0.29195651504443665,0.053915095962832504
rmssd_mean,pnn50_max,1.0,0.8604066955326628,0.8846773649892408,0.8982866143219215,0.7982561072868262
rmssd_mean,pnn50_min,1.0,0.47175678630182344,0.46417276885009545,0.6538405265170879,0.29725706353828696
rmssd_mean,pnn50_std,1.0,0.8497049259219779,0.9029673831383365,0.7534831261823297,0.8926642684452678
rmssd_mean,pnn50_mean,1.0,0.9538115208146208,0.9462270671304057,0.9607333866916582,0.9544741086217987
rmssd_mean,rmssd_slope,1.0,0.02638947635103454,0.025913590727255492,0.023805665871522993,0.029449172454325132
rmssd_mean,rmssd_max,1.0,0.8191383436455603,0.8030127129541113,0.8494436992400647,0.8049586187425046
rmssd_mean,rmssd_min,1.0,0.5361353581476186,0.5166612429288364,0.7101236719738527,0.3816211595401667
rmssd_std,pnn50_mean,1.0,0.7285515734134318,0.7329860722915997,0.6419100201327091,0.8107586278159864
rmssd_std,rmssd_slope,1.0,0.022601571324660997,0.003249823757101971,0.029119900226843964,0.03543498999003705
rmssd_std,rmssd_max,1.0,0.9307427189155648,0.9696354909352972,0.9019030517046827,0.9206896141067149
rmssd_std,rmssd_min,1.0,0.19908829505634376,0.12076517613270667,0.3041129836162524,0.17238672542007227
rmssd_mean,rsa_slope,1.0,0.010822542277579747,0.0021275000769787715,0.012708395902842265,0.0176317308529182
rmssd_mean,rsa_max,1.0,0.7688789930450987,0.761469059867131,0.7715434932366261,0.7736244260315389
rmssd_mean,rsa_min,1.0,0.46367574584553894,0.41147216236132705,0.6632884582937343,0.31626661688155544
rmssd_mean,rsa_std,1.0,0.8441820437629652,0.8396966591281342,0.8130386456248415,0.8798108265359202
rmssd_mean,rsa_mean,1.0,0.958397523350763,0.9557737902953154,0.9547403348143191,0.9646784449426548
rmssd_mean,std_pa_slope,1.0,0.025319709537525787,-0.03380859450297157,-0.01008665426454888,-0.03206387984505691
rmssd_mean,std_pa_max,1.0,0.16567230409131076,0.19197432700004097,0.23586749228195436,0.06917509299193696
rmssd_mean,std_pa_min,1.0,0.08869331388689748,0.023656644728948278,0.14647221963347815,0.09595107729826603
rmssd_mean,std_pa_std,1.0,0.17925794386924135,0.2614442033268619,0.20156235303334757,0.07476727524751461
rmssd_mean,std_pa_mean,1.0,0.22430660572730252,0.16052078012174142,0.32396079210800155,0.18843824495216452
rmssd_mean,cv_pa_slope,1.0,0.022679781666883725,-0.040408477889491215,-0.003142287697094919,-0.02448857941406504
rmssd_mean,cv_pa_max,1.0,0.18517924824082413,0.21536589003574008,0.2747113995336718,0.06546045515306052
rmssd_std,std_pa_std,1.0,0.22182618459120076,0.3069429203859691,0.2529794899208958,0.1055561434667374
rmssd_std,std_pa_mean,1.0,0.2276968211542141,0.17566557390467863,0.31642430006062927,0.19100058949733442
rmssd_std,cv_pa_max,1.0,0.21677354366198617,0.27015546928610024,0.2875578464028697,0.09260731529698855
rmssd_std,cv_pa_min,1.0,0.05067944937630672,0.0029826288566581816,0.08320007869000821,0.06585564058225378
rmssd_std,cv_pa_std,1.0,0.2386393678293246,0.324049764222952,0.29993908593036167,0.09192925333466005
rmssd_std,cv_pa_mean,1.0,0.2412259310970564,0.1966813342540854,0.3589471676110204,0.16804929142606337
rmssd_std,arv_max,1.0,0.18710914808446813,0.11952781415833004,0.35743857012075836,0.084361059974316
rmssd_std,arv_std,1.0,0.25070540653703915,0.24546321359296086,0.41474793291781425,0.09190507310034235
rmssd_std,arv_mean,1.0,0.13372461934332994,0.04184184016311038,0.2990352959956999,0.060296721871179564
rmssd_std,pnn50_max,1.0,0.7945024994116285,0.8335966803569091,0.7529301572174371,0.7969806606605395
rmssd_std,pnn50_min,1.0,0.1671339724536073,0.1750658943353511,0.22330532033775338,0.10303070268771747
rmssd_std,pnn50_std,1.0,0.8367806864244249,0.8382136710021695,0.7987922326110027,0.8733361556601025
arv_mean,std_pa_min,1.0,0.7401293658519462,0.7629740644474738,0.7592017290928426,0.6982123040155226
arv_mean,std_pa_mean,1.0,0.8157826488082888,0.8770651620084733,0.9128622976111626,0.6574204868052307
arv_mean,cv_pa_slope,1.0,0.012685608415767602,0.00851728275405698,0.0256891340622471,0.003850408430998728
arv_mean,cv_pa_max,1.0,0.2651000646878166,0.3225965470902337,0.40635325381288184,0.06635039316033423
arv_mean,cv_pa_min,1.0,0.7000014005520248,0.7170538471114678,0.7483416620599199,0.6346086924846865
arv_mean,cv_pa_mean,1.0,0.8322776837670848,0.854340443683667,0.9278538559030131,0.7146387517145744
arv_mean,arv_slope,1.0,0.005709938237190436,0.008954412986081508,0.0006715171576343584,0.007503884567855444
arv_mean,arv_max,1.0,0.6023755316576477,0.6829976939570769,0.6307806891970708,0.49334821181879557
arv_mean,arv_min,1.0,0.7120183239078663,0.7747447754521316,0.7616333297090406,0.5996768665624266
arv_mean,arv_std,1.0,0.3055541076652235,0.37839976389331015,0.4326836176236899,0.10557894147867047
pnn50_slope,rsa_slope,1.0,0.5987190260735523,0.5314628011053453,0.5197130693329254,0.7449812077823866
pnn50_slope,rsa_min,1.0,0.012025617005909942,0.0024787375216371653,0.0031589635295157866,0.030439149966576876
rmssd_min,pnn50_max,1.0,0.3831698690221275,0.32613396207215156,0.6086169956915148,0.21475864930271632
rmssd_min,pnn50_min,1.0,0.5389355018461962,0.5371352638569129,0.7524106679972558,0.32726057368442013
rmssd_min,pnn50_std,1.0,0.3124652617212062,0.3276321194878134,0.39366276302133923,0.2161009026544659
rmssd_min,pnn50_mean,1.0,0.5385471414615043,0.5268177953263338,0.759281337384866,0.32954229167331317
rmssd_min,rmssd_max,1.0,0.294819240707708,0.17346675351775437,0.5080406861801494,0.20295028242522026
rmssd_std,rsa_slope,1.0,0.01599430807148442,0.005517251694480648,0.021250176424894993,0.021215496095077623
rmssd_std,rsa_max,1.0,0.8564595364784146,0.8987951470122265,0.7972958418441046,0.8732876205789124
rmssd_std,rsa_min,1.0,0.14911760216284817,0.023163570692396513,0.2946790163770875,0.1295102194190605
rmssd_std,rsa_std,1.0,0.9307622695991397,0.9402805465433007,0.9033118443164994,0.948694417937619
rmssd_std,rsa_mean,1.0,0.7635077325941392,0.7146864898623592,0.7246678631392651,0.8511688447807934
rmssd_std,std_pa_slope,1.0,0.03555200650191544,-0.057430339243714566,-0.005231544507017337,-0.0439941357550144
rmssd_std,std_pa_max,1.0,0.19260408156941664,0.24095807727898857,0.2393233935171667,0.0975307739120946
rmssd_min,rsa_std,1.0,0.32331698201948234,0.2474052680055714,0.49444721577475553,0.22809846227812017
rmssd_min,rsa_mean,1.0,0.5919224535173335,0.5797971326107099,0.7517393114439689,0.44423091649732194
rmssd_min,std_pa_min,1.0,0.20839135845447743,0.060070943664678196,0.2861907693641392,0.2789123623346149
rmssd_min,std_pa_mean,1.0,0.16154400168333638,0.048402922103823444,0.300191971879146,0.1360371110670397
rmssd_min,cv_pa_slope,1.0,0.014503723447259129,0.032068772181316846,0.005528638252940422,0.005913759907520116
rmssd_min,cv_pa_min,1.0,0.2160065179680395,0.05463545973105871,0.33139593229296005,0.26198816188009977
rmssd_min,cv_pa_mean,1.0,0.18400268809392617,0.05759232364515938,0.357558004145452,0.1368577364911671
rmssd_min,arv_min,1.0,0.18308253551357437,0.042226505037479455,0.2786085400126513,0.22841256149059244
pnn50_slope,std_pa_slope,1.0,0.10654703024661864,0.15215468968312182,0.06226453834333782,0.10522186271339627
pnn50_slope,std_pa_min,1.0,0.01991293549788306,0.01782759091085573,0.03403744502984525,0.007873770552948205
pnn50_slope,cv_pa_slope,1.0,0.10287359094290431,0.1564095242782338,0.06863736474558632,0.0835738838048928
pnn50_slope,cv_pa_min,1.0,0.020504767590389463,0.023702810253306988,0.037433041748349875,0.000378450769511528
pnn50_slope,arv_slope,1.0,0.11170743232157049,0.15453172020365274,0.08157326675180221,0.0990173100092565
pnn50_slope,arv_min,1.0,0.019113044459523956,0.020777890550505062,0.023591712362631915,0.012969530465434894
pnn50_slope,arv_mean,1.0,0.024728704963299375,0.008359416771172324,0.06319954097135397,0.002627157147371835
rmssd_max,cv_pa_std,1.0,0.23014415880718309,0.3177699698161798,0.2830275198541768,0.08963498675119275
rmssd_max,cv_pa_mean,1.0,0.26899792081907375,0.21578463370087456,0.3987053247053421,0.19250380405100453
rmssd_max,arv_max,1.0,0.20214795500674956,0.1424671813495544,0.35921621458215863,0.10476046908853562
rmssd_max,arv_std,1.0,0.23800554695681694,0.2427361435007706,0.3787130587408493,0.09256743862883084
rmssd_max,arv_mean,1.0,0.15778829506161288,0.058306683742750026,0.32917543810641336,0.08588276333567518
rmssd_max,pnn50_max,1.0,0.8590569649661871,0.8625356963454122,0.8655413862655301,0.8490938122876186
rmssd_max,pnn50_min,1.0,0.3123256381154848,0.2629846117372493,0.4806908355088913,0.19330146710031373
rmssd_max,pnn50_std,1.0,0.7753672488467602,0.8172295218445175,0.7220687657057758,0.786803458989987
rmssd_max,pnn50_mean,1.0,0.7522639652080837,0.7425844379886115,0.7740170611703776,0.7401903964652617
rmssd_max,rmssd_slope,1.0,0.03609529640325584,0.008262282997059835,0.03115514114711267,0.06886846506559499
rmssd_min,rsa_max,1.0,0.34972740166309785,0.2535488511642681,0.5576858261124631,0.23794752771256245
rmssd_min,rsa_min,1.0,0.7876963157889801,0.7900656316649763,0.8567591831521763,0.7162641325497878
rmssd_slope,pnn50_std,1.0,0.03255055980400251,0.007339419207041916,0.04023854467866426,0.05007371552630136
rmssd_slope,pnn50_mean,1.0,0.030234083978213047,0.024708487403621,0.03391878032407492,0.03207498420694322
rmssd_max,rsa_slope,1.0,0.022632853123704263,0.00047461112856667754,0.024373907442601327,0.04305004079994478
rmssd_max,rsa_max,1.0,0.8932078113344071,0.9206671793869066,0.8884956317532753,0.8704606228630393
rmssd_max,rsa_min,1.0,0.23008126774020135,0.06240705281136057,0.47522172165836396,0.1526150287508795
rmssd_max,rsa_std,1.0,0.8951150629027383,0.9270401496915791,0.8990236413460578,0.8592813976705783
rmssd_max,rsa_mean,1.0,0.7763453418579257,0.7247875141204649,0.8295352808070586,0.7747132306462534
rmssd_max,std_pa_max,1.0,0.21027264855789737,0.25495702107359963,0.2658636944918024,0.10999723010828998
rmssd_max,std_pa_min,1.0,0.08569919120177098,0.02140384020026686,0.1349929217345471,0.10070081167049895
rmssd_max,std_pa_std,1.0,0.21760496913587893,0.3012802049620967,0.24374510334217453,0.10778959910336555
rmssd_max,std_pa_mean,1.0,0.2592800587843817,0.19597085211630696,0.3630724011326129,0.21879692310422527
rmssd_max,cv_pa_max,1.0,0.2315860731601138,0.2823948587625392,0.30729331870842813,0.10507004200937395
rmssd_max,cv_pa_min,1.0,0.09636847304454738,0.0293370615974806,0.16974496340139772,0.09002339413476382
pnn50_max,rsa_slope,1.0,0.02722389875342561,0.0015099200105251206,0.022270701047964636,0.05789107520178707
pnn50_max,rsa_max,1.0,0.7326381989402599,0.7588733282281362,0.7407050324214939,0.6983362361711497
pnn50_max,rsa_min,1.0,0.31924333090771445,0.23054598448692568,0.5620736354426247,0.16511037279359309
pnn50_max,rsa_std,1.0,0.7737801156620857,0.8111471155069321,0.7726729183321563,0.7375203131471689
pnn50_max,rsa_mean,1.0,0.8007317591027291,0.8093318405430251,0.8508981831576232,0.741965253607539
pnn50_max,std_pa_max,1.0,0.22187598136459727,0.2579985672030309,0.2785529268206932,0.12907645007006766
pnn50_max,std_pa_min,1.0,0.06442825097222656,0.01463919334727805,0.1504914409132559,0.028154118656145727
pnn50_max,std_pa_std,1.0,0.23329917025163138,0.31981878730654056,0.24265109922058475,0.13742762422776872
pnn50_max,std_pa_mean,1.0,0.2523714858693821,0.20231473832467678,0.352116407658324,0.20268331162514544
pnn50_max,cv_pa_max,1.0,0.24449025139344238,0.2853445708163119,0.31714526146293165,0.1309809219010836
pnn50_max,cv_pa_min,1.0,0.07249207577872413,0.015107469668226672,0.18108677735447368,0.021281980313472042
pnn50_max,cv_pa_std,1.0,0.24627774630606014,0.3349192053459059,0.2782115813259295,0.12570245224634502
pnn50_max,cv_pa_mean,1.0,0.2587249699085654,0.21809142753143165,0.3847726096862389,0.17331087250802568
rmssd_slope,std_pa_min,1.0,0.011798518794304323,0.014006692525604854,0.017843886210257974,0.0035449776470501426
rmssd_slope,cv_pa_slope,1.0,0.14432369237081166,0.1694167113830742,0.16684298749112567,0.09671137823823509
rmssd_slope,arv_slope,1.0,0.1387557175496121,0.16057781931603943,0.14189058925006792,0.11379874408272893
rmssd_slope,arv_mean,1.0,0.0237085584366695,0.003404922994610662,0.06503741362893607,0.002683338686461776
rmssd_slope,pnn50_slope,1.0,0.7489882467592773,0.6941422701187182,0.7262165447267451,0.826605925432369
rmssd_slope,pnn50_max,1.0,0.05950035640619846,0.021423903184688623,0.06508033136550025,0.09199683466840651
pnn50_mean,cv_pa_mean,1.0,0.23308963976356442,0.1838188351147309,0.38307229780751245,0.13237778636844988
pnn50_mean,arv_max,1.0,0.13554020787720308,0.06380336631211744,0.27968160154229355,0.06313565577719829
pnn50_mean,arv_std,1.0,0.18095355336754101,0.20094424203278155,0.24797257521536212,0.09394384285447928
pnn50_mean,arv_mean,1.0,0.11785772644739283,0.00664402241676484,0.31796538319165,0.02896377373376364
pnn50_mean,pnn50_max,1.0,0.8761179791206387,0.9040920200296907,0.899736312555616,0.8245256047766096
pnn50_mean,pnn50_min,1.0,0.5142277962328472,0.515887883016663,0.7125022254303512,0.31429328025152753
pnn50_mean,pnn50_std,1.0,0.8617638442129533,0.9230400615649093,0.7366650533049678,0.9255864177689831
rmssd_slope,rsa_slope,1.0,0.7888358835020973,0.754150035329148,0.7485307150330734,0.8638269001440702
rmssd_slope,rsa_max,1.0,0.02963110834621012,0.029507619033393915,0.022828180119991694,0.036557525885244746
rmssd_slope,rsa_std,1.0,0.025996191346252848,0.027274139647236392,0.02166328369020016,0.029051150701321995
rmssd_slope,rsa_mean,1.0,0.021103707260782704,0.030051080003257895,0.007901178014073657,0.02535886376501656
rmssd_slope,std_pa_slope,1.0,0.14749556558119362,0.1837194365314034,0.14645238980944422,0.11231487040273326
pnn50_max,arv_max,1.0,0.20408351518464618,0.12654175458012068,0.3516962532908329,0.13401253768298493
pnn50_max,arv_std,1.0,0.25374028054723313,0.2612834133932026,0.34660043069363716,0.15333699755485966
pnn50_max,arv_mean,1.0,0.13811990620917183,0.03606335780643562,0.3226330845419494,0.055663276279130515
pnn50_max,pnn50_slope,1.0,0.03299625772577581,0.0006189465483748624,0.016744054515634273,0.08162577211331828
pnn50_min,rsa_max,1.0,0.3175427650968105,0.2904169360985757,0.497898017983431,0.16431334120842492
pnn50_min,rsa_min,1.0,0.47955663940428384,0.47742681633924516,0.6717115191291679,0.2895315827444386
pnn50_min,rsa_std,1.0,0.2808626341854574,0.2863528529134567,0.4140866508558501,0.14214839878706553
pnn50_min,rsa_mean,1.0,0.4735603332800002,0.4732030175297113,0.6640209058787722,0.283457076431517
pnn50_min,std_pa_slope,1.0,0.011894089552317003,-0.01858919022470407,-0.00437198274237469,-0.012721095689872248
pnn50_min,std_pa_min,1.0,0.14712506592160923,0.10994090364843359,0.22412359331779838,0.10731070079859573
pnn50_min,std_pa_mean,1.0,0.11095072299954904,0.11658349743902632,0.18993691653619077,0.026331755023429975
pnn50_min,cv_pa_slope,1.0,0.012099453812641532,-0.016967086370512315,-0.004319665713079809,-0.015011609354332468
pnn50_std,pnn50_max,1.0,0.8788514429204617,0.9443558839190604,0.8139014656761472,0.8782969791661775
pnn50_std,pnn50_min,1.0,0.18637392743839812,0.2655445202719153,0.19874426271670198,0.0948329993265771
pnn50_mean,rsa_max,1.0,0.7072256112168294,0.7020057832847197,0.7202101078355351,0.6994609425302332
pnn50_mean,rsa_min,1.0,0.4687380799137609,0.42633327798217,0.7045918301528367,0.2752891316062759
pnn50_mean,rsa_std,1.0,0.7704667991897282,0.7700234757481308,0.735218746827221,0.8061581749938329
pnn50_mean,rsa_mean,1.0,0.9044728971611723,0.8972677465624358,0.9187662722187614,0.8973846727023199
pnn50_mean,std_pa_slope,1.0,0.022528983859935015,-0.01707514762897602,-0.022662619172502584,-0.02784918477832644
pnn50_mean,std_pa_max,1.0,0.16652440459374399,0.1988320642475154,0.2352714148143666,0.06546973471935003
pnn50_mean,std_pa_min,1.0,0.09353152404729322,0.02932267022422462,0.2027498890155685,0.04852201290208655
pnn50_mean,std_pa_std,1.0,0.1731966356110497,0.2616439076727046,0.1809211820274603,0.07702481713298412
pnn50_mean,std_pa_mean,1.0,0.222213153507793,0.1694170773538815,0.34765719864544453,0.14956518452405282
pnn50_mean,cv_pa_slope,1.0,0.01938941769530329,-0.021361215582443263,-0.014029733584966647,-0.02277730391849996
pnn50_mean,cv_pa_max,1.0,0.1848599871939521,0.2212178654096804,0.26896869333369794,0.0643934028384779
pnn50_mean,cv_pa_min,1.0,0.10319311236108987,0.026549063843550335,0.2340767561701893,0.048953517069529995
pnn50_mean,cv_pa_std,1.0,0.18589324024277123,0.273632064887701,0.21594440329988385,0.06810325254072891
pnn50_std,std_pa_slope,1.0,0.0275351021692614,-0.02332741845944557,-0.031953432605247765,-0.027324455443090853
pnn50_std,std_pa_max,1.0,0.18271512831796133,0.2157258528558214,0.2389258345997797,0.09349369749828289
pnn50_std,std_pa_std,1.0,0.21254158757088445,0.3026552120007134,0.22331801650152316,0.11165153421041683
pnn50_std,std_pa_mean,1.0,0.22110244705916182,0.17371028282260922,0.32458314214140044,0.16501391621347586
pnn50_std,cv_pa_slope,1.0,0.025345513674723586,-0.031027494506747282,-0.02171794448786641,-0.023291102029557077
pnn50_std,cv_pa_max,1.0,0.2045125454594886,0.2421437886237831,0.27604344524797414,0.09535040250670859
pnn50_std,cv_pa_std,1.0,0.22812262445892792,0.3186437005657245,0.26212409615549037,0.10360007665556889
pnn50_std,cv_pa_mean,1.0,0.23154243102694308,0.1900298002151482,0.35957365879073216,0.14502383407494887
pnn50_std,arv_max,1.0,0.1792481718185138,0.08631303553419979,0.35770465316009703,0.09372682676124452
pnn50_std,arv_std,1.0,0.2635474022876027,0.2522968417095648,0.40384775382993154,0.1344976113233118
pnn50_std,arv_mean,1.0,0.13085959349540524,0.019344345640417617,0.3265518287210513,0.046682606124746846
pnn50_min,cv_pa_min,1.0,0.15130546813145482,0.11036325742411345,0.24014952288931676,0.10340362408093422
pnn50_min,cv_pa_mean,1.0,0.12935147731797644,0.13370282738222558,0.22174597693813358,0.032605627633570104
pnn50_min,arv_slope,1.0,0.018438998302398094,-0.03305869264962534,-0.019491031017370458,-0.002767271240198479
pnn50_min,arv_min,1.0,0.1259816230614126,0.09857425404486228,0.20180290400285925,0.0775677111365163
pnn50_min,pnn50_max,1.0,0.3990423104296401,0.38393065003390114,0.5779361661373553,0.23526011511766384
pnn50_std,rsa_max,1.0,0.6830954698336131,0.7279720695268775,0.599788999561761,0.7215253404122007
pnn50_std,rsa_min,1.0,0.254992192044402,0.24684974595014203,0.3516144655409173,0.16651236464214664
pnn50_std,rsa_std,1.0,0.7845888393198494,0.8096444393946621,0.7137671385553693,0.8303549400095166
pnn50_std,rsa_mean,1.0,0.7859455608496657,0.8301071806683016,0.6891212740527195,0.8386082278279762
brs_mean,rmssd_mean,1.0,0.6461428551372999,0.5313132804479899,0.6510545954916759,0.7560606894722338
rsa_std,rsa_slope,1.0,0.020687979235566117,0.00351676816390153,0.0352857212146228,0.023261448328174027
rsa_std,rsa_max,1.0,0.9425667821898931,0.9630705217691424,0.9356433556029473,0.9289864691975894
rsa_std,rsa_min,1.0,0.2619134110876196,0.13766543945146015,0.47148703517449453,0.17658775863690426
rsa_mean,rsa_max,1.0,0.7900801583980699,0.7476704267618574,0.8252566633206971,0.7973133851116552
rsa_mean,rsa_min,1.0,0.5465993447159154,0.5159732288035326,0.7381028875384676,0.3857219178057461
rsa_mean,rsa_std,1.0,0.8601107957258955,0.8206030363552426,0.8611475755562181,0.8985817752662257
std_pa_slope,rsa_slope,1.0,0.1381906813397079,0.1584773553921002,0.15755250198042856,0.09854218664659495
std_pa_slope,rsa_mean,1.0,0.021422994859238913,-0.03014456197466228,-0.00285282889778237,-0.03127159370527208
std_pa_max,rsa_max,1.0,0.20344891584280297,0.2495477348891919,0.25368728566224413,0.10711172697697292
brs_mean,cv_pa_std,1.0,0.0930006059424728,0.11485045321992637,0.16181919986639925,0.0023321647410927755
brs_mean,cv_pa_mean,1.0,0.13592766312297586,0.047507018430856855,0.27502278011213976,0.08525319082593091
brs_mean,pnn50_slope,1.0,0.008529162233907468,0.015322036917949403,0.0014397406000277852,0.008825709183745216
brs_mean,pnn50_max,1.0,0.6044165237200644,0.5466316950182186,0.6438199602497225,0.6227979158922521
brs_mean,pnn50_min,1.0,0.23912165888345072,0.1083063379529987,0.37276980100696266,0.23628883769039075
brs_mean,pnn50_std,1.0,0.597627699638486,0.5402161485300164,0.5760776151388833,0.6765893352465584
brs_mean,pnn50_mean,1.0,0.6059800857860967,0.47124760136711064,0.6161526899009334,0.7305399660902462
brs_mean,rmssd_slope,1.0,0.025191644827155756,0.008635872012386234,0.0389782739700076,0.027960788499073436
brs_mean,rmssd_max,1.0,0.6325045456291288,0.5973826627733143,0.6659187492190077,0.6342122248950642
brs_mean,rmssd_min,1.0,0.25566017911220146,0.09700297167286877,0.38117932481154,0.28879824085219563
brs_mean,rmssd_std,1.0,0.619789161552567,0.575118279591917,0.6310693637471,0.653179841318684
brs_mean,arv_mean,0.3333333333333333,0.08997816525666691,-0.0007276433129954386,0.24530577675161042,0.023901075705394896
brs_mean,arv_std,0.3333333333333333,0.12506049512681472,0.07926524436022633,0.2836190843083305,-0.01229715671188738
brs_mean,arv_min,0.3333333333333333,0.06086543201864772,-0.054628052128081465,0.08508164820238734,0.04288659572547434
brs_mean,arv_max,0.3333333333333333,0.10808948247153662,0.05069980035953542,0.26177045891110673,-0.011798188143967702
brs_mean,arv_slope,0.3333333333333333,0.03464568339302882,-0.04407787177327422,-0.03337319264526501,0.02648598576054723
std_pa_max,rsa_min,0.3333333333333333,0.0860871828761285,-0.047595110677215786,0.09025656143921726,-0.12040987651195248
std_pa_max,rsa_slope,0.3333333333333333,0.04348278120989272,-0.07826107072994602,0.018791692533904236,-0.03339558036582792
std_pa_slope,rsa_std,0.3333333333333333,0.03613229505730742,-0.059940279654033125,0.00824871197382517,-0.04020789354406396
std_pa_slope,rsa_min,0.3333333333333333,0.009042930258005467,0.017988585210881567,-0.006244396298542375,0.002895809264592461
std_pa_slope,rsa_max,0.3333333333333333,0.02857190633745588,-0.06350362974079138,0.0024483249194222133,-0.019763764352154062
rsa_mean,rsa_slope,0.3333333333333333,0.012801931851696077,-0.0013422042350622059,0.016467727746576188,0.02059586357344984
pnn50_std,rsa_slope,0.3333333333333333,0.016770958364346774,-0.002188616721483245,0.015255414700360041,0.03286884367119704
pnn50_min,pnn50_slope,0.3333333333333333,0.03254132813087901,0.04088125962118437,-0.02150390425229231,0.035238820519160344
pnn50_min,arv_mean,0.3333333333333333,0.07894888211981235,0.03991599229309115,0.17817536918575028,-0.01875528488059563
pnn50_min,arv_std,0.3333333333333333,0.03955713266593967,0.009457323324780907,0.008249721353612124,-0.10096435331942599
pnn50_min,arv_max,0.3333333333333333,0.05633330202821496,0.030610939391877746,0.07017593847109116,-0.06821302822167598
pnn50_min,cv_pa_std,0.3333333333333333,0.0585914309007645,0.05230588110185095,0.03447477950324767,-0.0889936320971949
pnn50_min,cv_pa_max,0.3333333333333333,0.08882346170185156,0.09592920726992146,0.0984584622764155,-0.07208271555921769
pnn50_std,pnn50_slope,0.3333333333333333,0.02635418793156687,-0.014566749045358863,-0.02357277322207663,0.04092304152726512
pnn50_std,arv_min,0.3333333333333333,0.05504965640150716,-0.05217569485745397,0.0903622522388437,-0.022611022108223817
pnn50_std,arv_slope,0.3333333333333333,0.030557708333410098,-0.029064926960203928,-0.048897512899767404,0.013710685140258963
pnn50_std,cv_pa_min,0.3333333333333333,0.047209725337209164,-0.009618419292691258,0.10319144091003571,0.028819315808900542
pnn50_std,std_pa_min,0.3333333333333333,0.03454095332618814,-0.010248503849612978,0.06372216995959909,0.029652186169352345
pnn50_mean,rsa_slope,0.3333333333333333,0.007577855455109135,-0.0009986694273218088,-0.0008619859470422241,0.020872910990963372
pnn50_min,std_pa_std,0.3333333333333333,0.045701516609125296,0.04169108040251672,0.012933663420104472,-0.08247980600475469
pnn50_min,std_pa_max,0.3333333333333333,0.07322404611153087,0.08049639050608186,0.07144919339961597,-0.06772655442889473
pnn50_min,rsa_slope,0.3333333333333333,0.01376593702972232,0.005645358554007381,-0.03145666776892425,0.004195784766235324
pnn50_max,arv_min,0.3333333333333333,0.0774903538349403,-0.02858443517696751,0.1601223202748367,-0.04376430605301668
rmssd_slope,rsa_min,0.3333333333333333,0.028877820084350397,-0.02946937333789775,0.04314776961813332,0.014016317297020114
pnn50_mean,pnn50_slope,0.3333333333333333,0.01457283487569435,0.003568488930835089,-0.011144280038272877,0.029005735657975085
pnn50_mean,arv_min,0.3333333333333333,0.07540491236037528,-0.018250724486579835,0.20458084569143592,-0.0033831669031100906
pnn50_mean,arv_slope,0.3333333333333333,0.02771280823024272,-0.03191877061107318,-0.04209640539843774,0.009123248681217246
rmssd_slope,arv_std,0.3333333333333333,0.05253995349460635,-0.038131316018775105,0.10231711201422497,0.01717143245081897
rmssd_slope,arv_min,0.3333333333333333,0.012713910999144562,0.021069118423600458,0.011616866400139552,-0.005455748173693683
rmssd_slope,arv_max,0.3333333333333333,0.03140891275676319,-0.030094177828587504,0.05091966733137403,-0.013212893110328038
rmssd_slope,cv_pa_mean,0.3333333333333333,0.03439210851893167,-0.01003047183403423,0.07412517057425196,-0.019020683148508823
rmssd_slope,cv_pa_std,0.3333333333333333,0.04409355882442611,-0.03880392027851317,0.06928728121891285,-0.024189474975852308
rmssd_slope,cv_pa_min,0.3333333333333333,0.01837094287960729,0.01774851164113235,0.03251947624535332,-0.004844840752336201
rmssd_slope,cv_pa_max,0.3333333333333333,0.03696219006190541,-0.040965676047081616,0.0484297745609792,-0.021491119577655423
rmssd_slope,std_pa_mean,0.3333333333333333,0.031872308436233225,-0.019269898068613827,0.05722493411188634,-0.019122093128199517
rmssd_slope,std_pa_std,0.3333333333333333,0.043230225734721496,-0.049451530965379756,0.05426828376899401,-0.025970862469790724
rmssd_slope,std_pa_max,0.3333333333333333,0.038252519143466494,-0.05500107158312449,0.029848683710979044,-0.029907802136295944
pnn50_max,arv_slope,0.3333333333333333,0.03496173171026871,-0.01818551783106354,-0.04246852371657186,0.04423115358317073
pnn50_max,cv_pa_slope,0.3333333333333333,0.013184441980593051,-0.02310786227647376,-0.014354466622684844,0.002090997042620551
pnn50_max,std_pa_slope,0.3333333333333333,0.016787750905341306,-0.02278646133585231,-0.019909224148664886,0.007667567231506723
rmssd_max,cv_pa_slope,0.3333333333333333,0.026771536504715056,-0.059431116061198185,0.00715241482055981,-0.013731078632387159
rmssd_max,std_pa_slope,0.3333333333333333,0.02464242545674056,-0.05943938163857789,0.0007959993206678587,-0.013691895410975931
rmssd_slope,pnn50_min,0.3333333333333333,0.02375711994698974,0.045932131221117264,-0.01447923023528546,-0.010859998384566489
rmssd_min,rsa_slope,0.3333333333333333,0.013115343906413446,0.010987682375825722,0.027801058410214703,-0.0005572909331999186
rmssd_max,pnn50_slope,0.3333333333333333,0.026843172156059945,-0.010238968334775236,-0.024250762934504694,0.04603978519889991
rmssd_max,arv_min,0.3333333333333333,0.05695914804442528,-0.0029380706105935676,0.14802172739334798,0.019917646129334266
rmssd_max,arv_slope,0.3333333333333333,0.035540569532990514,-0.03908285268730504,-0.014424450430601842,0.05311440548106465
pnn50_slope,arv_std,0.3333333333333333,0.027985365293763862,-0.04425728269481386,0.03574033916554438,-0.003958474020933342
pnn50_slope,arv_max,0.3333333333333333,0.029842039890386352,-0.028044914823337357,0.03528582851478794,-0.026195376333033753
pnn50_slope,cv_pa_mean,0.3333333333333333,0.03535738387222546,-0.008482173546427456,0.06309020467912778,-0.034499773391121154
pnn50_slope,cv_pa_std,0.3333333333333333,0.0438308021871493,-0.059240437322518436,0.03467215702976837,-0.03757981220916108
pnn50_slope,cv_pa_max,0.3333333333333333,0.04088953508459758,-0.05308813021073881,0.033318023836419734,-0.0362624512066342
pnn50_slope,std_pa_mean,0.3333333333333333,0.030631002845204272,-0.017267282094008407,0.04286147571684935,-0.03176425072475506
pnn50_slope,std_pa_std,0.3333333333333333,0.04329020000606917,-0.06577723217660826,0.02467923537793941,-0.03941413246365984
pnn50_slope,std_pa_max,0.3333333333333333,0.03940507706950694,-0.06343800181379318,0.015085332599255024,-0.03969189679547261
pnn50_slope,rsa_mean,0.3333333333333333,0.0229157352910922,0.01409686736237195,-0.03991420398899089,0.014736134521913757
rmssd_min,arv_std,0.3333333333333333,0.07645868915377264,0.03513568656538858,0.09582866575214866,-0.09841171514378072
rmssd_min,arv_max,0.3333333333333333,0.07545191271301792,-0.020341521715999632,0.16173785665139798,-0.044276359771656164
rmssd_min,arv_slope,0.3333333333333333,0.034310210856025376,-0.02587564805032377,-0.050801747742695816,0.026253236775056542
rmssd_min,cv_pa_std,0.3333333333333333,0.0840753276361339,0.04937265797603656,0.07280300616302711,-0.13005031876933806
rmssd_min,cv_pa_max,0.3333333333333333,0.0951107506064267,0.04350372518202433,0.1499891830524147,-0.09183934358484103
rmssd_min,std_pa_std,0.3333333333333333,0.056619190136336116,0.04314193414065569,0.027943606985989577,-0.09877202928236307
rmssd_min,std_pa_max,0.3333333333333333,0.07186947952643137,0.033003348093033874,0.10655295959713462,-0.07605213088912562
rmssd_min,std_pa_slope,0.3333333333333333,0.019221560757584726,0.025484369417925794,-0.01876564564912605,0.013414667205702342
rmssd_std,std_pa_min,0.3333333333333333,0.03971757194558657,-0.006575324723381098,0.04355295564646336,0.06902443546691525
rmssd_min,rmssd_slope,0.3333333333333333,0.031197699831685886,0.05498578807134941,0.022594023991226894,-0.016013287432481354
rmssd_min,pnn50_slope,0.3333333333333333,0.014110468123831814,0.0324112278044065,-0.00019542940945476776,-0.009724747157634177
rmssd_min,arv_mean,0.3333333333333333,0.14815970493362393,-0.00501259274349529,0.3085757716449952,0.13089075041238127
pnn50_slope,rsa_std,0.3333333333333333,0.0126294107878167,-0.0028644236809219144,-0.024833197901024177,0.010190610781504005
pnn50_slope,rsa_max,0.3333333333333333,0.007991727428850919,0.0002770056091514193,-0.011291561810181781,0.012406614867219558
arv_mean,cv_pa_std,0.3333333333333333,0.08468249364987902,0.021672024508379087,0.14855154113112948,-0.08382391531012852
arv_mean,std_pa_std,0.3333333333333333,0.05834570574327097,0.022342637143041664,0.11250848446150902,-0.04018599562526225
rmssd_std,pnn50_slope,0.3333333333333333,0.01918067286176786,-0.020755409326978513,-0.02112431631293717,0.015662292945387898
rmssd_std,arv_min,0.3333333333333333,0.03577078591256496,-0.02578345003402698,0.07785794103253553,0.003670966671132382
rmssd_std,arv_slope,0.3333333333333333,0.03089261593031233,-0.04016397045914164,-0.027192319637799868,0.02532155769399548
rmssd_std,cv_pa_slope,0.3333333333333333,0.03203798843409978,-0.061317592436612604,0.0011512616544891764,-0.03364511121119757
rmssd_mean,pnn50_slope,0.3333333333333333,0.017756718265284185,0.0032083564259305303,-0.030395020582390145,0.019666777787531883
rmssd_mean,arv_min,0.3333333333333333,0.06546589372285423,-0.013542413408307209,0.15248090535767816,0.030374362402577345
rmssd_mean,arv_slope,0.3333333333333333,0.03276716450721059,-0.04884917545785118,-0.03147462177171193,0.017977696292068652
arv_mean,rsa_min,0.3333333333333333,0.14288997822588004,-0.029029732187411793,0.2991452067716531,0.10049499571857523
arv_mean,rsa_slope,0.3333333333333333,0.01321844625067551,-0.020570705641517178,0.018115870705927233,-0.0009687624045821243
arv_std,arv_slope,0.3333333333333333,0.045821043669965776,-0.034718226028421256,-0.052507415317209316,0.05023748966426676
sdnn_slope,cv_pa_mean,0.3333333333333333,0.0312001620402777,-0.014212021973391002,0.050959848828680425,-0.02842861531876168
sdnn_slope,cv_pa_std,0.3333333333333333,0.05115195029346426,-0.037512530622586984,0.06609614158650146,-0.049847178671304344
sdnn_slope,cv_pa_max,0.3333333333333333,0.036725247295629336,-0.03781671440338317,0.02861300420688011,-0.04374602327662473
sdnn_slope,std_pa_mean,0.3333333333333333,0.029683877165167002,-0.01652888305224876,0.039439222440933036,-0.033083526002319216
sdnn_slope,std_pa_std,0.3333333333333333,0.04938510138853828,-0.04273594356656185,0.05597527703486681,-0.04944408356418619
sdnn_slope,std_pa_min,0.3333333333333333,0.016002295164389255,0.02079961238391177,-0.006637290820396873,0.02056998228885912
sdnn_slope,std_pa_max,0.3333333333333333,0.03634585645886424,-0.04375131087984107,0.014988074842405066,-0.050298183654346594
sdnn_slope,rsa_mean,0.3333333333333333,0.02326396510502853,0.02900830950782876,-0.03092527624946145,0.009858309557795378
sdnn_slope,rsa_std,0.3333333333333333,0.014275178676691076,0.02429458337465335,-0.005392861019582725,0.01313809163583715
sdnn_slope,rsa_min,0.3333333333333333,0.012223021711460377,-0.01697324601707531,0.0035395232443613616,0.01615629587294446
sdnn_slope,rsa_max,0.3333333333333333,0.019306246494507535,0.028554691855047422,-0.006828765319983186,0.022535282308492
arv_std,rsa_min,0.3333333333333333,0.07463415598057914,-0.020539885469475386,0.07936698005777502,-0.12399560241448698
arv_std,rsa_slope,0.3333333333333333,0.051519116776372664,-0.06075129019334795,0.08460943678192136,0.009196623353848675
arv_min,arv_slope,0.3333333333333333,0.024887930295323893,0.039188754178279675,0.02115000282985448,-0.01432503387783753
arv_min,cv_pa_max,0.3333333333333333,0.13791487276323697,0.005942455361508343,0.1111055017129683,-0.29669666121523425
sdnn_max,rsa_slope,0.3333333333333333,0.025036174694760608,-0.00562551970220248,0.026692983204045024,0.04279002117803432
sdnn_slope,rmssd_mean,0.3333333333333333,0.011846099527750134,0.01723439281633639,-0.004211163482136463,0.014092742284777552
sdnn_slope,rmssd_min,0.3333333333333333,0.02552381200226926,0.0415956380240414,-0.00742894647428392,-0.027546851508482458
sdnn_slope,pnn50_mean,0.3333333333333333,0.011555318996888705,0.008890641166963345,-0.005193486547135318,0.020581829276567452
sdnn_slope,pnn50_std,0.3333333333333333,0.019452798549591713,-0.002628362082260223,0.014036993960627448,0.041693039605887466
sdnn_slope,pnn50_min,0.3333333333333333,0.03247174810610653,0.020995372916476334,-0.04979213861200863,-0.026627732789834633
sdnn_slope,arv_std,0.3333333333333333,0.045274278649409305,-0.035370163521689986,0.09613198330277581,-0.004320689123762129
sdnn_slope,arv_min,0.3333333333333333,0.01941395496595117,0.02768217744894115,-0.01813151231715397,0.01242817513175839
sdnn_slope,arv_max,0.3333333333333333,0.02793925475011111,-0.020787500316386046,0.03479869123031316,-0.028231572703634123
sdnn_max,arv_slope,0.3333333333333333,0.035047814087777664,-0.039922836517813386,-0.012622971069154706,0.05259763467636489
sdnn_max,cv_pa_slope,0.3333333333333333,0.027534038376483563,-0.05733635204625222,0.006247261118114697,-0.01901850196508377
sdnn_max,pnn50_slope,0.3333333333333333,0.019704639688153374,-0.015136594748436758,-0.005835704552402919,0.03814161976362044
sdnn_max,arv_min,0.3333333333333333,0.06606350506818968,-0.008553139563537652,0.16564489631684404,0.02399247932418735
arv_min,std_pa_max,0.3333333333333333,0.14007865717346732,0.027506071354635425,0.09740187264784299,-0.2953280275179236
arv_min,rsa_mean,0.3333333333333333,0.07773819032064895,-0.016614305859401494,0.1749776893714218,0.041622575731123566
arv_min,rsa_std,0.3333333333333333,0.05024188327555889,-0.02620290011329428,0.11906240156109747,0.005460348152284918
arv_min,rsa_max,0.3333333333333333,0.07246922322489784,-0.00849938434576624,0.17693787610246992,0.03197040922645734
arv_min,rsa_slope,0.3333333333333333,0.020008639343292122,0.010885505245725886,-0.041772701008776225,-0.007367711775374252
arv_max,arv_slope,0.3333333333333333,0.026811328900049548,-0.016372805382067056,-0.035385390856335866,0.02867579046174572
sdnn_min,arv_max,0.3333333333333333,0.068201182339636,-0.00825343421537411,0.16436786294279096,-0.03198224986074293
sdnn_min,arv_slope,0.3333333333333333,0.022437354678088675,-0.009202123903228223,-0.04559422821049417,0.01251571192054363
sdnn_min,cv_pa_std,0.3333333333333333,0.07777727069790431,0.04498433711011876,0.08145782168057304,-0.10688965330302115
sdnn_min,cv_pa_max,0.3333333333333333,0.09247771668706008,0.04648901456207322,0.15367530260586065,-0.07726883289324636
sdnn_min,cv_pa_slope,0.3333333333333333,0.019538609634067013,0.03972271715844354,0.002491171364315075,-0.01640194037944242
sdnn_min,std_pa_std,0.3333333333333333,0.052670721898130025,0.04448158104258914,0.0362236321334081,-0.07730695251839283
sdnn_min,std_pa_max,0.3333333333333333,0.07096134406787184,0.04332193545849336,0.11084871345629244,-0.05871338328882974
sdnn_min,std_pa_slope,0.3333333333333333,0.02231251003455678,0.03500138048862238,-0.020035080308875367,-0.011901069306172601
sdnn_std,rsa_slope,0.3333333333333333,0.017514614315416493,-0.007611928464686871,0.01996401655358404,0.024967897927978572
sdnn_min,sdnn_slope,0.3333333333333333,0.028592156112473482,0.05118390756585652,-0.009310360797569,-0.025282199973994918
sdnn_min,rmssd_slope,0.3333333333333333,0.03222806038226091,0.05972403783007193,0.027095253925205193,-0.009864889391505621
sdnn_min,pnn50_slope,0.3333333333333333,0.017635809497606163,0.04037098755211606,-0.001713428361398307,-0.010823012579304125
sdnn_min,arv_std,0.3333333333333333,0.07207749743796692,0.03981049048636752,0.10357587534570808,-0.07284612648182513
arv_max,rsa_min,0.3333333333333333,0.10597383812999522,-0.08390914866914381,0.15895085552986332,-0.07506151019097852
arv_max,rsa_slope,0.3333333333333333,0.03689626233361332,-0.06169612120162363,0.02954114995318004,-0.019451515846036282
arv_slope,cv_pa_mean,0.3333333333333333,0.010910494515196123,0.007358890814165956,-0.003929714525679536,0.021442878205742876
arv_slope,cv_pa_std,0.3333333333333333,0.016984428132288946,-0.020964232835880926,-0.02839241296234845,0.001596638598637462
arv_slope,cv_pa_min,0.3333333333333333,0.019267974988444576,0.04115316681686123,0.01375928361087853,-0.00289147453759397
arv_slope,cv_pa_max,0.3333333333333333,0.011004683109465627,-0.011531473557154533,-0.014069333925755228,0.007413241845487124
sdnn_std,arv_min,0.3333333333333333,0.045823986920471814,-0.030116174016051184,0.10611730935760634,0.0012384773877579043
sdnn_std,arv_slope,0.3333333333333333,0.032983590386645924,-0.041740341706390995,-0.025107131078233594,0.03210329837531317
sdnn_std,cv_pa_min,0.3333333333333333,0.05659192158377343,-4.3191865795467804e-05,0.1045232998947261,0.06520927299079872
sdnn_std,cv_pa_slope,0.3333333333333333,0.031208826143003927,-0.05915540368622616,0.00031237627189788,-0.03415869847088775
sdnn_std,std_pa_min,0.3333333333333333,0.05108765184938876,-0.00689025780583061,0.07179880760726581,0.07457389013506985
sdnn_mean,rsa_slope,0.3333333333333333,0.011798587130985758,-0.006576234180938382,0.008282519488926733,0.02053700772309216
sdnn_std,sdnn_slope,0.3333333333333333,0.014515007145203386,-0.0036534434809893652,0.01784572976291354,0.02204584819170725
sdnn_std,rmssd_slope,0.3333333333333333,0.02742944312345826,-0.008186680581842644,0.039560981171704174,0.034540667616827954
sdnn_std,pnn50_slope,0.3333333333333333,0.0161464056590732,-0.0301592108136203,-0.002799574002055327,0.015480432161543982
arv_slope,std_pa_std,0.3333333333333333,0.01933035196661822,-0.020909483140310204,-0.020585263207907253,0.016496309551637202
arv_slope,std_pa_min,0.3333333333333333,0.024289581532422683,0.045435152341870684,0.020576838990706236,-0.006856753264691143
arv_slope,std_pa_max,0.3333333333333333,0.009239915569377253,-0.011111625914071444,-0.003374118231473425,0.013234002562586892
arv_slope,rsa_mean,0.3333333333333333,0.032979959323703546,-0.05042756554423868,-0.01694808020114301,0.03156423222572896
arv_slope,rsa_std,0.3333333333333333,0.02636387481605359,-0.044729843700663054,-0.0061489729596849885,0.028212807787812735
arv_slope,rsa_min,0.3333333333333333,0.03310188659592778,-0.01606156148644144,-0.04556443770072981,0.037679660600612105
arv_slope,rsa_max,0.3333333333333333,0.034071009807740145,-0.039029713339070536,-0.015150535874913164,0.04803278020923673
cv_pa_mean,cv_pa_slope,0.3333333333333333,0.03488225696358471,-0.0009442755826049663,0.01396510022300674,-0.08973739508514243
sdnn_mean,arv_slope,0.3333333333333333,0.0353211187120444,-0.04880367391534293,-0.030030129446938662,0.027129552773851595
sdnn_mean,sdnn_slope,0.3333333333333333,0.012925540410768878,0.01645275198965178,-0.010092895963725432,0.012230973278929427
sdnn_mean,pnn50_slope,0.3333333333333333,0.015840270464231473,0.003229556791088742,-0.02292382043336582,0.02136743416823985
sdnn_mean,arv_min,0.3333333333333333,0.06431795181750662,-0.008887497132896037,0.1662227136717189,0.0178436446479049
brs_max,cv_pa_min,0.3333333333333333,0.04488086009464936,-0.031129663402008474,0.09315798389000868,-0.010354932991930934
brs_max,std_pa_min,0.3333333333333333,0.0356005966860325,-0.04095915691648045,0.05777859312256468,-0.00806404001905237
brs_max,rsa_min,0.3333333333333333,0.14037260557780004,-0.10955532195341995,0.2510085219274216,0.060553972852558605
brs_max,arv_mean,0.3333333333333333,0.09670046710940673,0.02674485896658337,0.24278537475492667,-0.02057116760671016
brs_max,arv_min,0.3333333333333333,0.048099113777207714,-0.04758995939066981,0.06126974143767106,-0.035437640503282256
brs_max,arv_slope,0.3333333333333333,0.024204630347733697,-0.033625034699162615,-0.022606805909944995,0.016382050434093492
brs_min,cv_pa_slope,0.3333333333333333,0.04478091463376013,-0.0234153297968555,-0.06412245749519313,0.04680495660923177
brs_min,std_pa_min,0.3333333333333333,0.04165648127740643,0.003659941321823264,-0.03027059915912268,0.09103890335127335
brs_min,std_pa_slope,0.3333333333333333,0.03160801592661324,-0.0053560229023271195,-0.045732954422389956,0.04373507045512265
brs_max,sdnn_min,0.3333333333333333,0.11842933468504628,-0.02219433451101379,0.2326724831560684,0.10042118638805661
cv_pa_mean,std_pa_slope,0.3333333333333333,0.03272721757792236,-0.002704024255411971,0.013065348140815537,-0.08241228033753957
cv_pa_mean,rsa_slope,0.3333333333333333,0.02829396508751737,-0.03267334414308485,0.0362325950858084,-0.01597595603365886
brs_min,rmssd_slope,0.3333333333333333,0.014956627014919946,0.006635562799086531,0.018696932185776057,-0.01953738605989725
brs_min,pnn50_slope,0.3333333333333333,0.014724272848433577,0.009854885702761218,-0.02426592347354842,-0.010052009368991095
brs_min,arv_min,0.3333333333333333,0.0650952425670076,0.015458113399051465,-0.009019380684379314,0.17080823361759204
brs_slope,std_pa_min,0.3333333333333333,0.00999859387035572,0.009882139259879066,-0.0019440160523156108,-0.01816962629887248
brs_slope,std_pa_max,0.3333333333333333,0.02014601508326949,-0.011584708892848999,-0.02562963065227613,0.023223705704683337
brs_slope,std_pa_slope,0.3333333333333333,0.015413703006221463,0.01228603832781636,-0.026417872706366485,0.007537197984481551
brs_slope,rsa_mean,0.3333333333333333,0.04011356684401957,0.06641242300737164,0.043513628368911844,-0.010414649155775236
brs_slope,rsa_min,0.3333333333333333,0.044931797500295766,0.04640566441622269,0.07249451259424035,-0.01589521549042426
brs_min,sdnn_slope,0.3333333333333333,0.004770514564749965,0.001092634729517896,0.0044954585918233776,-0.008723450372908621
cv_pa_std,rsa_min,0.3333333333333333,0.08104085342026045,-0.027519600600695384,0.053354784789779945,-0.162248174870306
cv_pa_std,rsa_slope,0.3333333333333333,0.05224091632269551,-0.049502843358219806,0.07698299232474413,-0.030236913285122565
cv_pa_min,cv_pa_max,0.3333333333333333,0.09831884905436045,0.03735154051064014,0.11550910735536944,-0.14209589929707175
cv_pa_min,std_pa_max,0.3333333333333333,0.08814537409921808,0.017804134244391027,0.07785418565891676,-0.16877780239434642
cv_pa_min,rsa_slope,0.3333333333333333,0.010285368836815618,0.0030009726164166523,-0.024491221000444107,0.0033639128935860933
brs_slope,pnn50_std,0.3333333333333333,0.01639710587243709,0.04189515049696641,0.0033757681555966956,-0.003920398964748163
brs_slope,pnn50_min,0.3333333333333333,0.039291812537967805,0.00893756540278067,0.07963598623954005,-0.029301885971582706
brs_slope,arv_mean,0.3333333333333333,0.012600458519959314,0.025412784957367103,-0.0011650572282373487,0.011223533374273486
brs_slope,arv_std,0.3333333333333333,0.016670942790362485,0.02253216254007468,-0.005648248855451845,0.02183241697556093
brs_slope,arv_min,0.3333333333333333,0.004464904372114934,0.0025260274015484357,-0.006000977254263754,0.004867708460532611
brs_slope,arv_max,0.3333333333333333,0.015197733117459927,0.008127472535003238,-0.023559166058138736,0.0139065607592378
brs_slope,arv_slope,0.3333333333333333,0.01244303481614679,0.027004581024254366,-0.004752767676187456,-0.005571755747998548
brs_slope,cv_pa_std,0.3333333333333333,0.016854916682886297,0.003212537899442208,-0.024867889585932387,0.022484322563284295
brs_slope,cv_pa_min,0.3333333333333333,0.0117407788207486,0.012973780246065788,-0.01383355325785237,-0.008415002958327637
brs_slope,cv_pa_max,0.3333333333333333,0.020099327834591344,-0.009899383062942095,-0.027648035691183317,0.022750564749648615
brs_slope,cv_pa_slope,0.3333333333333333,0.012346683527361681,-0.006556191301483769,-0.016692074274933355,0.013791785005667924
brs_slope,std_pa_mean,0.3333333333333333,0.0071236113654271445,0.013042763661922465,-0.0013661139099105815,0.006961956524448387
brs_slope,std_pa_std,0.3333333333333333,0.015654607625132353,3.0546396863324466e-05,-0.023051144754100465,0.023882131724433278
cv_pa_max,std_pa_min,0.3333333333333333,0.11451674330291815,0.05760128161608673,0.1260629366845234,-0.1598860116081443
cv_pa_max,rsa_min,0.3333333333333333,0.10331039838243204,-0.03474311215312423,0.13830459948014748,-0.1368834835140244
cv_pa_max,rsa_slope,0.3333333333333333,0.04378177366322895,-0.06735774634602106,0.03884115877536445,-0.025146415868301346
cv_pa_slope,std_pa_mean,0.3333333333333333,0.0357157030969971,0.0006821165928509839,0.013006203988066305,-0.093458788710074
brs_std,rsa_min,0.3333333333333333,0.124704463470337,-0.12488420626072913,0.18526041130079632,0.06396877284948553
brs_std,rsa_slope,0.3333333333333333,0.00917806785934818,0.012052118526810991,-0.005189413379361217,0.010292671671872332
brs_slope,brs_min,0.3333333333333333,0.059078955305981194,0.06375863169480876,0.079626749412646,-0.033851484810488844
brs_slope,brs_max,0.3333333333333333,0.015079007794444946,0.0358469035475994,-0.001958822430297047,0.007431297405438384
brs_slope,sdnn_mean,0.3333333333333333,0.04265182977438307,0.06170298058981455,0.05755951857237222,-0.008692990160962439
brs_slope,sdnn_std,0.3333333333333333,0.017287260032335088,0.04482055113358386,-0.0008450992170393807,0.0061961297463820255
brs_slope,sdnn_min,0.3333333333333333,0.047882128636857334,0.0431085699598087,0.07921243244783271,-0.021325383502930586
brs_slope,rmssd_mean,0.3333333333333333,0.04171181765642621,0.05307028225549757,0.06106629464991209,-0.010998876063868972
brs_slope,rmssd_min,0.3333333333333333,0.0490392862800336,0.040129948567770406,0.0778928194512934,-0.02909509082103701
brs_slope,pnn50_mean,0.3333333333333333,0.04360596290004499,0.03756867936866547,0.07557451435917574,-0.017674694972293757
cv_pa_slope,rsa_mean,0.3333333333333333,0.022714944932136386,-0.0378294341242807,0.006824272120919424,-0.023491128551209037
cv_pa_slope,rsa_std,0.3333333333333333,0.038205847932455884,-0.06154484207838279,0.02492231193378507,-0.0281503897851998
cv_pa_slope,rsa_min,0.3333333333333333,0.010728979535751483,0.02392301799617164,-0.0022555035118973555,0.006008417099185452
cv_pa_slope,rsa_max,0.3333333333333333,0.03255801528974064,-0.0596886620970406,0.02192718147228884,-0.016058202299892476
std_pa_mean,std_pa_slope,0.3333333333333333,0.031501725711269656,0.0015441285071468819,0.011662445189857453,-0.08129860343680462
std_pa_mean,rsa_slope,0.3333333333333333,0.029845886322135567,-0.040205515410172546,0.024011616612777842,-0.025320526943456316
brs_std,arv_min,0.3333333333333333,0.040977059702131995,-0.04621825876213131,0.06577514259326521,-0.010937777750999472
brs_std,arv_slope,0.3333333333333333,0.03320274009095172,-0.03750952941434141,-0.03479663165972476,0.027302059198788992
brs_std,cv_pa_min,0.3333333333333333,0.046857639358581525,-0.03658684128419474,0.08240281330067149,0.021583263490878343
brs_std,std_pa_min,0.3333333333333333,0.039970660794792646,-0.04706586868750318,0.051243204918346955,0.021602908778527784
brs_std,sdnn_min,0.3333333333333333,0.10497883954893983,-0.0470363602017271,0.16959626330299712,0.09830389514209524
brs_std,rmssd_min,0.3333333333333333,0.10305244630767858,-0.014532513106423886,0.17318907054841462,0.12143575526819722
brs_std,pnn50_min,0.3333333333333333,0.09989137414880678,-0.024033268392869303,0.14652530901651303,0.129115545037038
brs_std,pnn50_slope,0.3333333333333333,0.01604602104614897,0.016234955933445587,0.028186105076192194,-0.003717002128809137
brs_mean,cv_pa_min,0.3333333333333333,0.07704855551704594,-0.038314708718964,0.11984683617358322,0.0729841216585906
brs_mean,std_pa_min,0.3333333333333333,0.06273374739032628,-0.05084366224897289,0.06632778000175041,0.07102979992025554
brs_mean,rsa_min,0.3333333333333333,0.20780032981252913,-0.0037557658969728236,0.39107075272718467,0.22857447081342985
brs_mean,rsa_slope,0.3333333333333333,0.003042418060208913,-0.0018110281125643744,0.0055199140487625495,0.0017963120192998141
brs_std,brs_slope,0.3333333333333333,0.021860931973640557,0.04048067648736347,-0.018901657293592056,0.00620046213996615
std_pa_std,rsa_min,0.3333333333333333,0.060142760552641165,-0.034430560697786966,0.010063058342432504,-0.135934662617704
std_pa_std,rsa_slope,0.3333333333333333,0.0503665152835841,-0.05709145307380056,0.06062243485700818,-0.033385657919943544
std_pa_min,std_pa_max,0.3333333333333333,0.11498718503065737,0.07807559510816599,0.11940456410188535,-0.1474813958819208
std_pa_min,rsa_slope,0.3333333333333333,0.010764246940980248,-0.0010652517465661684,-0.027039124086800273,0.004188364989574303
rsa_min,rsa_slope,0.3333333333333333,0.0275896243623228,-0.024801042803792746,0.02746946526740802,0.030498365015767633
brs_mean,brs_slope,0.3333333333333333,0.018659139542189306,0.050751240904422484,-0.0032454682534501424,-0.0019807094686952907
